city,country,province,reviews.rating,Lodging,Hotel,Motel,Meal
1,1,1,4.0,1,1,0,3
1,1,1,5.0,1,1,0,3
1,1,1,5.0,1,1,0,3
1,1,1,5.0,1,1,0,3
1,1,1,5.0,1,1,0,3
1,1,1,5.0,1,1,0,3
1,1,1,4.0,1,1,0,3
1,1,1,4.0,1,1,0,3
1,1,1,3.0,1,1,0,3
1,1,1,4.0,1,1,0,3
1,1,1,4.0,1,1,0,3
1,1,1,3.0,1,1,0,3
1,1,1,4.0,1,1,0,3
1,1,1,4.0,1,1,0,3
1,1,1,4.0,1,1,0,3
1,1,1,4.0,1,1,0,3
1,1,1,4.0,1,1,0,3
1,1,1,4.0,1,1,0,3
1,1,1,4.0,1,1,0,3
1,1,1,1.0,1,1,0,3
1,1,1,1.0,1,1,0,3
1,1,1,5.0,1,1,0,3
1,1,1,4.0,1,1,0,3
1,1,1,5.0,1,1,0,3
1,1,1,5.0,1,1,0,3
1,1,1,5.0,1,1,0,3
1,1,1,4.0,1,1,0,3
1,1,1,4.0,1,1,0,3
1,1,1,4.0,1,1,0,3
1,1,1,4.0,1,1,0,3
1,1,1,5.0,1,1,0,3
1,1,1,4.0,1,1,0,3
1,1,1,4.0,1,1,0,3
1,1,1,4.0,1,1,0,3
1,1,1,3.0,1,1,0,3
1,1,1,4.0,1,1,0,3
1,1,1,5.0,1,1,0,3
1,1,1,4.0,1,1,0,3
1,1,1,4.0,1,1,0,3
1,1,1,5.0,1,1,0,3
1,1,1,4.0,1,1,0,3
1,1,1,5.0,1,1,0,3
1,1,1,3.0,1,1,0,3
1,1,1,4.0,1,1,0,3
1,1,1,2.0,1,1,0,3
1,1,1,3.0,1,1,0,3
1,1,1,4.0,1,1,0,3
1,1,1,4.0,1,1,0,3
1,1,1,4.0,1,1,0,3
1,1,1,5.0,1,1,0,3
1,1,1,4.0,1,1,0,3
1,1,1,4.0,1,1,0,3
1,1,1,4.0,1,1,0,3
1,1,1,4.0,1,1,0,3
1,1,1,5.0,1,1,0,3
1,1,1,5.0,1,1,0,3
1,1,1,4.0,1,1,0,3
2,1,2,0.0,0,1,1,3
3,1,3,0.0,1,1,0,3
4,1,4,0.0,1,1,0,3
5,1,3,5.0,1,1,0,3
5,1,3,5.0,1,1,0,3
5,1,3,5.0,1,1,0,3
5,1,3,5.0,1,1,0,3
5,1,3,5.0,1,1,0,3
5,1,3,5.0,1,1,0,3
5,1,3,5.0,1,1,0,3
5,1,3,5.0,1,1,0,3
5,1,3,5.0,1,1,0,3
5,1,3,5.0,1,1,0,3
5,1,3,4.0,1,1,0,3
5,1,3,5.0,1,1,0,3
5,1,3,5.0,1,1,0,3
5,1,3,5.0,1,1,0,3
5,1,3,5.0,1,1,0,3
5,1,3,5.0,1,1,0,3
5,1,3,4.0,1,1,0,3
5,1,3,5.0,1,1,0,3
5,1,3,5.0,1,1,0,3
5,1,3,0.0,1,1,0,3
5,1,3,4.0,1,1,0,3
6,1,4,4.0,0,1,1,3
6,1,4,1.0,0,1,1,3
6,1,4,5.0,0,1,1,3
6,1,4,4.0,0,1,1,3
6,1,4,2.0,0,1,1,3
6,1,4,5.0,0,1,1,3
6,1,4,5.0,0,1,1,3
6,1,4,4.0,0,1,1,3
6,1,4,4.0,0,1,1,3
6,1,4,4.0,0,1,1,3
6,1,4,1.0,0,1,1,3
6,1,4,5.0,0,1,1,3
6,1,4,4.0,0,1,1,3
6,1,4,4.0,0,1,1,3
6,1,4,3.0,0,1,1,3
7,1,5,3.0,1,1,0,3
8,1,6,0.0,1,1,1,4
8,1,6,0.0,1,1,1,4
9,1,3,3.0,1,1,0,3
9,1,3,2.0,1,1,0,3
9,1,3,2.0,1,1,0,3
9,1,3,4.0,1,1,0,3
9,1,3,4.0,1,1,0,3
9,1,3,5.0,1,1,0,3
9,1,3,2.0,1,1,0,3
9,1,3,5.0,1,1,0,3
9,1,3,5.0,1,1,0,3
9,1,3,5.0,1,1,0,3
9,1,3,4.0,1,1,0,3
9,1,3,3.0,1,1,0,3
9,1,3,3.0,1,1,0,3
9,1,3,5.0,1,1,0,3
9,1,3,3.0,1,1,0,3
9,1,3,3.0,1,1,0,3
9,1,3,5.0,1,1,0,3
9,1,3,5.0,1,1,0,3
9,1,3,2.0,1,1,0,3
9,1,3,5.0,1,1,0,3
9,1,3,4.0,1,1,0,3
9,1,3,4.0,1,1,0,3
9,1,3,3.0,1,1,0,3
9,1,3,5.0,1,1,0,3
9,1,3,4.0,1,1,0,3
9,1,3,5.0,1,1,0,3
9,1,3,4.0,1,1,0,3
9,1,3,4.0,1,1,0,3
9,1,3,4.0,1,1,0,3
9,1,3,4.0,1,1,0,3
9,1,3,5.0,1,1,0,3
9,1,3,5.0,1,1,0,3
9,1,3,5.0,1,1,0,3
9,1,3,5.0,1,1,0,3
9,1,3,3.0,1,1,0,3
9,1,3,4.0,1,1,0,3
9,1,3,4.0,1,1,0,3
9,1,3,3.0,1,1,0,3
9,1,3,3.0,1,1,0,3
9,1,3,4.0,1,1,0,3
9,1,3,2.0,1,1,0,3
9,1,3,5.0,1,1,0,3
9,1,3,5.0,1,1,0,3
9,1,3,5.0,1,1,0,3
9,1,3,5.0,1,1,0,3
9,1,3,2.0,1,1,0,3
9,1,3,5.0,1,1,0,3
9,1,3,5.0,1,1,0,3
9,1,3,2.0,1,1,0,3
9,1,3,5.0,1,1,0,3
9,1,3,5.0,1,1,0,3
9,1,3,3.0,1,1,0,3
9,1,3,4.0,1,1,0,3
9,1,3,5.0,1,1,0,3
9,1,3,5.0,1,1,0,3
9,1,3,4.0,1,1,0,3
9,1,3,4.0,1,1,0,3
9,1,3,5.0,1,1,0,3
9,1,3,5.0,1,1,0,3
9,1,3,5.0,1,1,0,3
9,1,3,5.0,1,1,0,3
9,1,3,3.0,1,1,0,3
9,1,3,5.0,1,1,0,3
9,1,3,2.0,1,1,0,3
9,1,3,5.0,1,1,0,3
9,1,3,1.0,1,1,0,3
9,1,3,4.0,1,1,0,3
9,1,3,2.0,1,1,0,3
9,1,3,4.0,1,1,0,3
9,1,3,3.0,1,1,0,3
9,1,3,5.0,1,1,0,3
9,1,3,5.0,1,1,0,3
9,1,3,4.0,1,1,0,3
9,1,3,4.0,1,1,0,3
9,1,3,3.0,1,1,0,3
9,1,3,5.0,1,1,0,3
9,1,3,5.0,1,1,0,3
9,1,3,4.0,1,1,0,3
9,1,3,3.0,1,1,0,3
9,1,3,5.0,1,1,0,3
9,1,3,4.0,1,1,0,3
9,1,3,1.0,1,1,0,3
9,1,3,5.0,1,1,0,3
9,1,3,1.0,1,1,0,3
9,1,3,3.0,1,1,0,3
10,1,7,4.0,1,1,0,3
10,1,7,5.0,1,1,0,3
10,1,7,4.0,1,1,0,3
10,1,7,1.0,1,1,0,3
10,1,7,5.0,1,1,0,3
10,1,7,5.0,1,1,0,3
10,1,7,3.0,1,1,0,3
10,1,7,5.0,1,1,0,3
10,1,7,5.0,1,1,0,3
10,1,7,5.0,1,1,0,3
10,1,7,4.0,1,1,0,3
10,1,7,2.0,1,1,0,3
10,1,7,4.0,1,1,0,3
10,1,7,3.0,1,1,0,3
10,1,7,1.0,1,1,0,3
10,1,7,4.0,1,1,0,3
10,1,7,4.0,1,1,0,3
10,1,7,4.0,1,1,0,3
10,1,7,4.0,1,1,0,3
10,1,7,4.0,1,1,0,3
10,1,7,5.0,1,1,0,3
10,1,7,5.0,1,1,0,3
10,1,7,5.0,1,1,0,3
10,1,7,2.0,1,1,0,3
10,1,7,5.0,1,1,0,3
10,1,7,5.0,1,1,0,3
10,1,7,4.0,1,1,0,3
10,1,7,4.0,1,1,0,3
10,1,7,5.0,1,1,0,3
10,1,7,4.0,1,1,0,3
10,1,7,5.0,1,1,0,3
10,1,7,4.0,1,1,0,3
10,1,7,3.0,1,1,0,3
10,1,7,4.0,1,1,0,3
10,1,7,5.0,1,1,0,3
10,1,7,5.0,1,1,0,3
10,1,7,4.0,1,1,0,3
10,1,7,4.0,1,1,0,3
10,1,7,5.0,1,1,0,3
10,1,7,4.0,1,1,0,3
10,1,7,4.0,1,1,0,3
10,1,7,5.0,1,1,0,3
10,1,7,5.0,1,1,0,3
10,1,7,5.0,1,1,0,3
10,1,7,3.0,1,1,0,3
10,1,7,4.0,1,1,0,3
10,1,7,5.0,1,1,0,3
10,1,7,4.0,1,1,0,3
10,1,7,4.0,1,1,0,3
10,1,7,4.0,1,1,0,3
10,1,7,3.0,1,1,0,3
10,1,7,5.0,1,1,0,3
10,1,7,5.0,1,1,0,3
10,1,7,3.0,1,1,0,3
10,1,7,5.0,1,1,0,3
10,1,7,4.0,1,1,0,3
10,1,7,3.0,1,1,0,3
10,1,7,3.0,1,1,0,3
10,1,7,4.0,1,1,0,3
10,1,7,5.0,1,1,0,3
10,1,7,5.0,1,1,0,3
10,1,7,4.0,1,1,0,3
10,1,7,4.0,1,1,0,3
11,1,8,0.0,0,1,0,3
12,1,4,1.0,0,1,1,3
13,1,9,3.0,1,1,0,3
13,1,9,2.0,1,1,0,3
13,1,9,3.0,1,1,0,3
13,1,9,5.0,1,1,0,3
13,1,9,3.0,1,1,0,3
13,1,9,3.0,1,1,0,3
13,1,9,4.0,1,1,0,3
13,1,9,4.0,1,1,0,3
13,1,9,1.0,1,1,0,3
13,1,9,3.0,1,1,0,3
13,1,9,5.0,1,1,0,3
13,1,9,1.0,1,1,0,3
13,1,9,2.0,1,1,0,3
13,1,9,2.0,1,1,0,3
13,1,9,3.0,1,1,0,3
13,1,9,4.0,1,1,0,3
13,1,9,3.0,1,1,0,3
13,1,9,3.0,1,1,0,3
13,1,9,3.0,1,1,0,3
13,1,9,5.0,1,1,0,3
13,1,9,3.0,1,1,0,3
13,1,9,1.0,1,1,0,3
13,1,9,4.0,1,1,0,3
13,1,9,4.0,1,1,0,3
13,1,9,2.0,1,1,0,3
13,1,9,5.0,1,1,0,3
13,1,9,1.0,1,1,0,3
13,1,9,3.0,1,1,0,3
13,1,9,1.0,1,1,0,3
13,1,9,4.0,1,1,0,3
13,1,9,2.0,1,1,0,3
14,1,10,0.0,0,1,0,3
15,1,11,5.0,0,1,1,4
15,1,11,3.0,0,1,1,4
15,1,11,5.0,0,1,1,4
15,1,11,5.0,0,1,1,4
15,1,11,3.0,0,1,1,4
15,1,11,5.0,0,1,1,4
15,1,11,5.0,0,1,1,4
15,1,11,5.0,0,1,1,4
15,1,11,5.0,0,1,1,4
15,1,11,5.0,0,1,1,4
15,1,11,5.0,0,1,1,4
15,1,11,5.0,0,1,1,4
15,1,11,5.0,0,1,1,4
15,1,11,4.0,0,1,1,4
15,1,11,5.0,0,1,1,4
15,1,11,4.0,0,1,1,4
15,1,11,5.0,0,1,1,4
15,1,11,5.0,0,1,1,4
15,1,11,5.0,0,1,1,4
15,1,11,5.0,0,1,1,4
15,1,11,5.0,0,1,1,4
15,1,11,1.0,0,1,1,4
15,1,11,5.0,0,1,1,4
15,1,11,5.0,0,1,1,4
15,1,11,5.0,0,1,1,4
15,1,11,4.0,0,1,1,4
15,1,11,3.0,0,1,1,4
15,1,11,5.0,0,1,1,4
15,1,11,5.0,0,1,1,4
15,1,11,4.0,0,1,1,4
15,1,11,5.0,0,1,1,4
15,1,11,5.0,0,1,1,4
15,1,11,4.0,0,1,1,4
15,1,11,4.0,0,1,1,4
15,1,11,4.0,0,1,1,4
15,1,11,5.0,0,1,1,4
15,1,11,5.0,0,1,1,4
16,1,12,3.0,1,1,1,3
16,1,12,3.0,1,1,1,3
16,1,12,2.0,1,1,1,3
16,1,12,1.0,1,1,1,3
16,1,12,5.0,1,1,1,3
16,1,12,3.0,1,1,1,3
16,1,12,4.0,1,1,1,3
16,1,12,4.0,1,1,1,3
16,1,12,3.0,1,1,1,3
16,1,12,1.0,1,1,1,3
16,1,12,1.0,1,1,1,3
16,1,12,4.0,1,1,1,3
16,1,12,5.0,1,1,1,3
16,1,12,4.0,1,1,1,3
16,1,12,4.0,1,1,1,3
16,1,12,4.0,1,1,1,3
16,1,12,3.0,1,1,1,3
16,1,12,4.0,1,1,1,3
16,1,12,2.0,1,1,1,3
16,1,12,4.0,1,1,1,3
16,1,12,1.0,1,1,1,3
17,1,13,5.0,1,1,0,3
17,1,13,3.0,1,1,0,3
17,1,13,5.0,1,1,0,3
17,1,13,5.0,1,1,0,3
17,1,13,3.0,1,1,0,3
17,1,13,4.0,1,1,0,3
17,1,13,4.0,1,1,0,3
17,1,13,4.0,1,1,0,3
17,1,13,3.0,1,1,0,3
17,1,13,4.0,1,1,0,3
17,1,13,4.0,1,1,0,3
17,1,13,3.0,1,1,0,3
17,1,13,4.0,1,1,0,3
17,1,13,1.0,1,1,0,3
17,1,13,5.0,1,1,0,3
17,1,13,4.0,1,1,0,3
17,1,13,5.0,1,1,0,3
17,1,13,5.0,1,1,0,3
17,1,13,4.0,1,1,0,3
17,1,13,4.0,1,1,0,3
17,1,13,4.0,1,1,0,3
17,1,13,4.0,1,1,0,3
17,1,13,4.0,1,1,0,3
17,1,13,4.0,1,1,0,3
17,1,13,3.0,1,1,0,3
17,1,13,2.0,1,1,0,3
17,1,13,4.0,1,1,0,3
17,1,13,5.0,1,1,0,3
17,1,13,5.0,1,1,0,3
17,1,13,5.0,1,1,0,3
17,1,13,4.0,1,1,0,3
17,1,13,4.0,1,1,0,3
17,1,13,5.0,1,1,0,3
17,1,13,5.0,1,1,0,3
17,1,13,4.0,1,1,0,3
17,1,13,3.0,1,1,0,3
17,1,13,4.0,1,1,0,3
17,1,13,4.0,1,1,0,3
17,1,13,4.0,1,1,0,3
17,1,13,4.0,1,1,0,3
17,1,13,5.0,1,1,0,3
17,1,13,5.0,1,1,0,3
17,1,13,4.0,1,1,0,3
17,1,13,4.0,1,1,0,3
17,1,13,3.0,1,1,0,3
17,1,13,4.0,1,1,0,3
17,1,13,5.0,1,1,0,3
17,1,13,5.0,1,1,0,3
17,1,13,2.0,1,1,0,3
17,1,13,5.0,1,1,0,3
17,1,13,4.0,1,1,0,3
18,1,14,5.0,1,1,0,3
18,1,14,5.0,1,1,0,3
18,1,14,2.0,1,1,0,3
18,1,14,5.0,1,1,0,3
18,1,14,5.0,1,1,0,3
18,1,14,5.0,1,1,0,3
18,1,14,5.0,1,1,0,3
18,1,14,5.0,1,1,0,3
18,1,14,5.0,1,1,0,3
18,1,14,5.0,1,1,0,3
18,1,14,5.0,1,1,0,3
18,1,14,5.0,1,1,0,3
6,1,15,5.0,1,1,0,3
6,1,15,3.0,1,1,0,3
6,1,15,5.0,1,1,0,3
6,1,15,5.0,1,1,0,3
6,1,15,4.0,1,1,0,3
6,1,15,5.0,1,1,0,3
6,1,15,5.0,1,1,0,3
6,1,15,5.0,1,1,0,3
6,1,15,4.0,1,1,0,3
6,1,15,5.0,1,1,0,3
6,1,15,5.0,1,1,0,3
6,1,15,5.0,1,1,0,3
6,1,15,5.0,1,1,0,3
6,1,15,5.0,1,1,0,3
6,1,15,5.0,1,1,0,3
6,1,15,5.0,1,1,0,3
6,1,15,5.0,1,1,0,3
6,1,15,5.0,1,1,0,3
6,1,15,4.0,1,1,0,3
6,1,15,5.0,1,1,0,3
6,1,15,5.0,1,1,0,3
6,1,15,4.0,1,1,0,3
6,1,15,5.0,1,1,0,3
6,1,15,5.0,1,1,0,3
6,1,15,5.0,1,1,0,3
6,1,15,5.0,1,1,0,3
6,1,15,3.0,1,1,0,3
6,1,15,2.0,1,1,0,3
6,1,15,1.0,1,1,0,3
6,1,15,5.0,1,1,0,3
6,1,15,4.0,1,1,0,3
6,1,15,5.0,1,1,0,3
6,1,15,5.0,1,1,0,3
6,1,15,5.0,1,1,0,3
6,1,15,4.0,1,1,0,3
6,1,15,4.0,1,1,0,3
6,1,15,5.0,1,1,0,3
6,1,15,4.0,1,1,0,3
6,1,15,5.0,1,1,0,3
6,1,15,5.0,1,1,0,3
6,1,15,5.0,1,1,0,3
6,1,15,5.0,1,1,0,3
6,1,15,5.0,1,1,0,3
6,1,15,5.0,1,1,0,3
6,1,15,5.0,1,1,0,3
6,1,15,4.0,1,1,0,3
6,1,15,5.0,1,1,0,3
6,1,15,5.0,1,1,0,3
6,1,15,5.0,1,1,0,3
6,1,15,5.0,1,1,0,3
6,1,15,5.0,1,1,0,3
6,1,15,5.0,1,1,0,3
6,1,15,5.0,1,1,0,3
6,1,15,5.0,1,1,0,3
6,1,15,5.0,1,1,0,3
6,1,15,3.0,1,1,0,3
6,1,15,5.0,1,1,0,3
6,1,15,5.0,1,1,0,3
6,1,15,5.0,1,1,0,3
6,1,15,5.0,1,1,0,3
6,1,15,5.0,1,1,0,3
6,1,15,5.0,1,1,0,3
6,1,15,4.0,1,1,0,3
6,1,15,5.0,1,1,0,3
19,1,16,4.0,1,1,1,3
19,1,16,4.0,1,1,1,3
20,1,17,4.0,1,1,0,3
20,1,17,5.0,1,1,0,3
20,1,17,3.0,1,1,0,3
20,1,17,3.0,1,1,0,3
20,1,17,4.0,1,1,0,3
20,1,17,4.0,1,1,0,3
20,1,17,5.0,1,1,0,3
20,1,17,4.0,1,1,0,3
20,1,17,3.0,1,1,0,3
20,1,17,3.0,1,1,0,3
20,1,17,2.0,1,1,0,3
20,1,17,4.0,1,1,0,3
20,1,17,2.0,1,1,0,3
20,1,17,5.0,1,1,0,3
20,1,17,5.0,1,1,0,3
20,1,17,3.0,1,1,0,3
20,1,17,5.0,1,1,0,3
20,1,17,5.0,1,1,0,3
20,1,17,5.0,1,1,0,3
20,1,17,3.0,1,1,0,3
20,1,17,3.0,1,1,0,3
20,1,17,4.0,1,1,0,3
20,1,17,5.0,1,1,0,3
20,1,17,3.0,1,1,0,3
20,1,17,4.0,1,1,0,3
20,1,17,4.0,1,1,0,3
20,1,17,4.0,1,1,0,3
20,1,17,4.0,1,1,0,3
20,1,17,2.0,1,1,0,3
20,1,17,4.0,1,1,0,3
20,1,17,4.0,1,1,0,3
20,1,17,4.0,1,1,0,3
20,1,17,3.0,1,1,0,3
20,1,17,4.0,1,1,0,3
20,1,17,3.0,1,1,0,3
20,1,17,4.0,1,1,0,3
20,1,17,3.0,1,1,0,3
20,1,17,5.0,1,1,0,3
20,1,17,2.0,1,1,0,3
20,1,17,1.0,1,1,0,3
20,1,17,3.0,1,1,0,3
20,1,17,4.0,1,1,0,3
20,1,17,4.0,1,1,0,3
20,1,17,1.0,1,1,0,3
20,1,17,1.0,1,1,0,3
20,1,17,1.0,1,1,0,3
20,1,17,3.0,1,1,0,3
20,1,17,5.0,1,1,0,3
20,1,17,3.0,1,1,0,3
20,1,17,3.0,1,1,0,3
20,1,17,5.0,1,1,0,3
20,1,17,4.0,1,1,0,3
20,1,17,3.0,1,1,0,3
20,1,17,5.0,1,1,0,3
20,1,17,5.0,1,1,0,3
20,1,17,5.0,1,1,0,3
20,1,17,4.0,1,1,0,3
20,1,17,4.0,1,1,0,3
20,1,17,3.0,1,1,0,3
20,1,17,2.0,1,1,0,3
20,1,17,5.0,1,1,0,3
20,1,17,4.0,1,1,0,3
20,1,17,2.0,1,1,0,3
20,1,17,3.0,1,1,0,3
20,1,17,1.0,1,1,0,3
20,1,17,1.0,1,1,0,3
20,1,17,4.0,1,1,0,3
20,1,17,4.0,1,1,0,3
20,1,17,3.0,1,1,0,3
20,1,17,1.0,1,1,0,3
20,1,17,5.0,1,1,0,3
20,1,17,4.0,1,1,0,3
20,1,17,4.0,1,1,0,3
20,1,17,5.0,1,1,0,3
20,1,17,5.0,1,1,0,3
20,1,17,4.0,1,1,0,3
20,1,17,4.0,1,1,0,3
20,1,17,1.0,1,1,0,3
20,1,17,1.0,1,1,0,3
20,1,17,4.0,1,1,0,3
20,1,17,4.0,1,1,0,3
20,1,17,4.0,1,1,0,3
20,1,17,2.0,1,1,0,3
20,1,17,4.0,1,1,0,3
20,1,17,5.0,1,1,0,3
20,1,17,4.0,1,1,0,3
20,1,17,1.0,1,1,0,3
20,1,17,5.0,1,1,0,3
20,1,17,5.0,1,1,0,3
20,1,17,5.0,1,1,0,3
20,1,17,5.0,1,1,0,3
20,1,17,4.0,1,1,0,3
20,1,17,4.0,1,1,0,3
20,1,17,4.0,1,1,0,3
20,1,17,3.0,1,1,0,3
20,1,17,4.0,1,1,0,3
20,1,17,4.0,1,1,0,3
20,1,17,4.0,1,1,0,3
20,1,17,2.0,1,1,0,3
20,1,17,4.0,1,1,0,3
20,1,17,3.0,1,1,0,3
20,1,17,4.0,1,1,0,3
20,1,17,3.0,1,1,0,3
20,1,17,4.0,1,1,0,3
20,1,17,4.0,1,1,0,3
20,1,17,4.0,1,1,0,3
20,1,17,5.0,1,1,0,3
20,1,17,4.0,1,1,0,3
20,1,17,3.0,1,1,0,3
20,1,17,2.0,1,1,0,3
20,1,17,5.0,1,1,0,3
20,1,17,4.0,1,1,0,3
20,1,17,3.0,1,1,0,3
20,1,17,5.0,1,1,0,3
20,1,17,1.0,1,1,0,3
20,1,17,4.0,1,1,0,3
20,1,17,4.0,1,1,0,3
20,1,17,2.0,1,1,0,3
20,1,17,5.0,1,1,0,3
20,1,17,4.0,1,1,0,3
20,1,17,1.0,1,1,0,3
20,1,17,2.0,1,1,0,3
20,1,17,5.0,1,1,0,3
20,1,17,4.0,1,1,0,3
20,1,17,4.0,1,1,0,3
20,1,17,5.0,1,1,0,3
20,1,17,4.0,1,1,0,3
20,1,17,4.0,1,1,0,3
20,1,17,4.0,1,1,0,3
20,1,17,4.0,1,1,0,3
20,1,17,5.0,1,1,0,3
20,1,17,4.0,1,1,0,3
20,1,17,3.0,1,1,0,3
20,1,17,5.0,1,1,0,3
20,1,17,5.0,1,1,0,3
20,1,17,2.0,1,1,0,3
20,1,17,5.0,1,1,0,3
20,1,17,5.0,1,1,0,3
20,1,17,1.0,1,1,0,3
20,1,17,2.0,1,1,0,3
20,1,17,4.0,1,1,0,3
20,1,17,4.0,1,1,0,3
20,1,17,4.0,1,1,0,3
20,1,17,3.0,1,1,0,3
20,1,17,3.0,1,1,0,3
20,1,17,4.0,1,1,0,3
20,1,17,1.0,1,1,0,3
20,1,17,2.0,1,1,0,3
20,1,17,4.0,1,1,0,3
20,1,17,2.0,1,1,0,3
20,1,17,1.0,1,1,0,3
20,1,17,4.0,1,1,0,3
20,1,17,4.0,1,1,0,3
20,1,17,4.0,1,1,0,3
20,1,17,3.0,1,1,0,3
20,1,17,3.0,1,1,0,3
20,1,17,4.0,1,1,0,3
20,1,17,4.0,1,1,0,3
20,1,17,3.0,1,1,0,3
20,1,17,5.0,1,1,0,3
20,1,17,5.0,1,1,0,3
20,1,17,5.0,1,1,0,3
20,1,17,4.0,1,1,0,3
20,1,17,3.0,1,1,0,3
20,1,17,2.0,1,1,0,3
20,1,17,4.0,1,1,0,3
20,1,17,3.0,1,1,0,3
20,1,17,5.0,1,1,0,3
20,1,17,5.0,1,1,0,3
20,1,17,4.0,1,1,0,3
20,1,17,4.0,1,1,0,3
20,1,17,5.0,1,1,0,3
20,1,17,5.0,1,1,0,3
20,1,17,5.0,1,1,0,3
20,1,17,3.0,1,1,0,3
20,1,17,5.0,1,1,0,3
20,1,17,3.0,1,1,0,3
20,1,17,4.0,1,1,0,3
20,1,17,5.0,1,1,0,3
20,1,17,3.0,1,1,0,3
20,1,17,5.0,1,1,0,3
20,1,17,3.0,1,1,0,3
20,1,17,5.0,1,1,0,3
20,1,17,5.0,1,1,0,3
20,1,17,3.0,1,1,0,3
20,1,17,4.0,1,1,0,3
20,1,17,3.0,1,1,0,3
20,1,17,4.0,1,1,0,3
20,1,17,2.0,1,1,0,3
20,1,17,2.0,1,1,0,3
20,1,17,5.0,1,1,0,3
20,1,17,4.0,1,1,0,3
20,1,17,5.0,1,1,0,3
20,1,17,2.0,1,1,0,3
20,1,17,3.0,1,1,0,3
20,1,17,5.0,1,1,0,3
20,1,17,4.0,1,1,0,3
20,1,17,4.0,1,1,0,3
20,1,17,4.0,1,1,0,3
20,1,17,4.0,1,1,0,3
20,1,17,1.0,1,1,0,3
20,1,17,5.0,1,1,0,3
20,1,17,5.0,1,1,0,3
20,1,17,5.0,1,1,0,3
20,1,17,4.0,1,1,0,3
20,1,17,4.0,1,1,0,3
20,1,17,2.0,1,1,0,3
20,1,17,3.0,1,1,0,3
20,1,17,2.0,1,1,0,3
20,1,17,4.0,1,1,0,3
20,1,17,4.0,1,1,0,3
20,1,17,4.0,1,1,0,3
20,1,17,4.0,1,1,0,3
20,1,17,3.0,1,1,0,3
20,1,17,3.0,1,1,0,3
20,1,17,4.0,1,1,0,3
20,1,17,5.0,1,1,0,3
20,1,17,3.0,1,1,0,3
20,1,17,3.0,1,1,0,3
20,1,17,3.0,1,1,0,3
20,1,17,3.0,1,1,0,3
20,1,17,4.0,1,1,0,3
20,1,17,4.0,1,1,0,3
20,1,17,5.0,1,1,0,3
20,1,17,3.0,1,1,0,3
20,1,17,4.0,1,1,0,3
20,1,17,3.0,1,1,0,3
20,1,17,3.0,1,1,0,3
20,1,17,5.0,1,1,0,3
20,1,17,4.0,1,1,0,3
20,1,17,4.0,1,1,0,3
20,1,17,5.0,1,1,0,3
20,1,17,4.0,1,1,0,3
20,1,17,4.0,1,1,0,3
20,1,17,4.0,1,1,0,3
20,1,17,5.0,1,1,0,3
20,1,17,4.0,1,1,0,3
20,1,17,5.0,1,1,0,3
20,1,17,3.0,1,1,0,3
20,1,17,1.0,1,1,0,3
20,1,17,3.0,1,1,0,3
20,1,17,3.0,1,1,0,3
20,1,17,1.0,1,1,0,3
20,1,17,5.0,1,1,0,3
20,1,17,5.0,1,1,0,3
20,1,17,3.0,1,1,0,3
20,1,17,3.0,1,1,0,3
20,1,17,4.0,1,1,0,3
20,1,17,3.0,1,1,0,3
20,1,17,5.0,1,1,0,3
20,1,17,1.0,1,1,0,3
20,1,17,4.0,1,1,0,3
20,1,17,5.0,1,1,0,3
20,1,17,3.0,1,1,0,3
20,1,17,5.0,1,1,0,3
20,1,17,5.0,1,1,0,3
20,1,17,4.0,1,1,0,3
20,1,17,1.0,1,1,0,3
20,1,17,5.0,1,1,0,3
20,1,17,3.0,1,1,0,3
20,1,17,3.0,1,1,0,3
20,1,17,5.0,1,1,0,3
20,1,17,3.0,1,1,0,3
20,1,17,5.0,1,1,0,3
20,1,17,2.0,1,1,0,3
20,1,17,4.0,1,1,0,3
20,1,17,4.0,1,1,0,3
20,1,17,4.0,1,1,0,3
20,1,17,2.0,1,1,0,3
20,1,17,3.0,1,1,0,3
20,1,17,4.0,1,1,0,3
20,1,17,5.0,1,1,0,3
20,1,17,5.0,1,1,0,3
20,1,17,5.0,1,1,0,3
20,1,17,5.0,1,1,0,3
20,1,17,5.0,1,1,0,3
20,1,17,5.0,1,1,0,3
20,1,17,2.0,1,1,0,3
20,1,17,2.0,1,1,0,3
20,1,17,5.0,1,1,0,3
20,1,17,4.0,1,1,0,3
20,1,17,4.0,1,1,0,3
20,1,17,5.0,1,1,0,3
20,1,17,3.0,1,1,0,3
20,1,17,3.0,1,1,0,3
20,1,17,4.0,1,1,0,3
20,1,17,4.0,1,1,0,3
20,1,17,4.0,1,1,0,3
20,1,17,5.0,1,1,0,3
20,1,17,5.0,1,1,0,3
20,1,17,1.0,1,1,0,3
20,1,17,4.0,1,1,0,3
20,1,17,4.0,1,1,0,3
20,1,17,5.0,1,1,0,3
20,1,17,5.0,1,1,0,3
20,1,17,1.0,1,1,0,3
20,1,17,3.0,1,1,0,3
20,1,17,4.0,1,1,0,3
20,1,17,5.0,1,1,0,3
20,1,17,4.0,1,1,0,3
20,1,17,5.0,1,1,0,3
20,1,17,4.0,1,1,0,3
20,1,17,4.0,1,1,0,3
20,1,17,4.0,1,1,0,3
20,1,17,4.0,1,1,0,3
20,1,17,4.1,1,1,0,3
20,1,17,4.1,1,1,0,3
20,1,17,4.0,1,1,0,3
20,1,17,4.1,1,1,0,3
20,1,17,4.0,1,1,0,3
20,1,17,4.1,1,1,0,3
20,1,17,4.0,1,1,0,3
20,1,17,4.1,1,1,0,3
20,1,17,3.0,1,1,0,3
20,1,17,2.0,1,1,0,3
20,1,17,5.0,1,1,0,3
20,1,17,4.0,1,1,0,3
20,1,17,4.0,1,1,0,3
20,1,17,3.0,1,1,0,3
20,1,17,5.0,1,1,0,3
20,1,17,3.0,1,1,0,3
20,1,17,3.0,1,1,0,3
20,1,17,3.0,1,1,0,3
20,1,17,4.0,1,1,0,3
20,1,17,4.0,1,1,0,3
20,1,17,3.0,1,1,0,3
20,1,17,3.0,1,1,0,3
20,1,17,1.0,1,1,0,3
20,1,17,4.0,1,1,0,3
20,1,17,3.0,1,1,0,3
20,1,17,5.0,1,1,0,3
20,1,17,3.0,1,1,0,3
20,1,17,4.0,1,1,0,3
20,1,17,4.0,1,1,0,3
20,1,17,4.0,1,1,0,3
21,1,18,0.0,0,1,0,4
22,1,19,4.0,1,1,0,3
22,1,19,3.0,1,1,0,3
22,1,19,4.0,1,1,0,3
22,1,19,3.0,1,1,0,3
22,1,19,4.0,1,1,0,3
22,1,19,4.0,1,1,0,3
22,1,19,5.0,1,1,0,3
22,1,19,2.0,1,1,0,3
22,1,19,5.0,1,1,0,3
22,1,19,4.0,1,1,0,3
22,1,19,4.0,1,1,0,3
22,1,19,5.0,1,1,0,3
22,1,19,1.0,1,1,0,3
22,1,19,3.0,1,1,0,3
22,1,19,2.0,1,1,0,3
22,1,19,3.0,1,1,0,3
22,1,19,4.0,1,1,0,3
22,1,19,3.0,1,1,0,3
22,1,19,2.0,1,1,0,3
22,1,19,4.0,1,1,0,3
22,1,19,4.0,1,1,0,3
22,1,19,5.0,1,1,0,3
22,1,19,3.0,1,1,0,3
22,1,19,1.0,1,1,0,3
22,1,19,2.0,1,1,0,3
22,1,19,4.0,1,1,0,3
22,1,19,1.0,1,1,0,3
22,1,19,4.0,1,1,0,3
22,1,19,3.0,1,1,0,3
22,1,19,4.0,1,1,0,3
22,1,19,5.0,1,1,0,3
22,1,19,3.0,1,1,0,3
22,1,19,4.0,1,1,0,3
22,1,19,1.0,1,1,0,3
22,1,19,3.0,1,1,0,3
22,1,19,3.0,1,1,0,3
22,1,19,3.0,1,1,0,3
22,1,19,4.0,1,1,0,3
22,1,19,3.0,1,1,0,3
22,1,19,3.0,1,1,0,3
22,1,19,4.0,1,1,0,3
22,1,19,2.0,1,1,0,3
22,1,19,4.0,1,1,0,3
22,1,19,4.0,1,1,0,3
22,1,19,3.0,1,1,0,3
22,1,19,1.0,1,1,0,3
22,1,19,3.0,1,1,0,3
22,1,19,3.0,1,1,0,3
22,1,19,3.0,1,1,0,3
22,1,19,3.0,1,1,0,3
22,1,19,4.0,1,1,0,3
22,1,19,4.0,1,1,0,3
22,1,19,4.0,1,1,0,3
22,1,19,4.0,1,1,0,3
22,1,19,2.0,1,1,0,3
22,1,19,3.0,1,1,0,3
22,1,19,2.0,1,1,0,3
22,1,19,4.0,1,1,0,3
22,1,19,5.0,1,1,0,3
22,1,19,4.0,1,1,0,3
22,1,19,1.0,1,1,0,3
22,1,19,3.0,1,1,0,3
22,1,19,5.0,1,1,0,3
22,1,19,4.0,1,1,0,3
22,1,19,4.0,1,1,0,3
22,1,19,4.0,1,1,0,3
22,1,19,2.0,1,1,0,3
22,1,19,4.0,1,1,0,3
22,1,19,4.0,1,1,0,3
22,1,19,2.0,1,1,0,3
22,1,19,4.0,1,1,0,3
22,1,19,3.0,1,1,0,3
22,1,19,4.0,1,1,0,3
22,1,19,4.0,1,1,0,3
22,1,19,3.0,1,1,0,3
22,1,19,3.0,1,1,0,3
22,1,19,3.0,1,1,0,3
22,1,19,4.0,1,1,0,3
22,1,19,5.0,1,1,0,3
22,1,19,4.0,1,1,0,3
22,1,19,1.0,1,1,0,3
23,1,20,5.0,0,1,1,4
23,1,20,5.0,0,1,1,4
23,1,20,4.0,0,1,1,4
23,1,20,5.0,0,1,1,4
23,1,20,3.0,0,1,1,4
23,1,20,3.0,0,1,1,4
23,1,20,3.0,0,1,1,4
23,1,20,4.0,0,1,1,4
23,1,20,4.0,0,1,1,4
23,1,20,5.0,0,1,1,4
23,1,20,3.0,0,1,1,4
23,1,20,5.0,0,1,1,4
23,1,20,5.0,0,1,1,4
23,1,20,5.0,0,1,1,4
23,1,20,4.0,0,1,1,4
23,1,20,4.0,0,1,1,4
23,1,20,3.0,0,1,1,4
22,1,21,2.0,1,1,0,3
22,1,21,1.0,1,1,0,3
22,1,21,3.0,1,1,0,3
22,1,21,1.0,1,1,0,3
22,1,21,1.0,1,1,0,3
22,1,21,1.0,1,1,0,3
22,1,21,2.0,1,1,0,3
22,1,21,3.0,1,1,0,3
22,1,21,2.0,1,1,0,3
22,1,21,1.0,1,1,0,3
22,1,21,4.0,1,1,0,3
22,1,21,1.0,1,1,0,3
22,1,21,1.0,1,1,0,3
22,1,21,4.0,1,1,0,3
22,1,21,1.0,1,1,0,3
22,1,21,2.0,1,1,0,3
22,1,21,2.0,1,1,0,3
22,1,21,1.0,1,1,0,3
22,1,21,2.0,1,1,0,3
22,1,21,2.0,1,1,0,3
22,1,21,3.0,1,1,0,3
22,1,21,3.0,1,1,0,3
24,1,17,0.0,0,1,0,4
25,1,4,5.0,1,1,0,3
25,1,4,4.0,1,1,0,3
25,1,4,5.0,1,1,0,3
25,1,4,4.0,1,1,0,3
25,1,4,5.0,1,1,0,3
25,1,4,4.0,1,1,0,3
25,1,4,3.0,1,1,0,3
25,1,4,4.0,1,1,0,3
25,1,4,3.0,1,1,0,3
25,1,4,3.0,1,1,0,3
25,1,4,4.0,1,1,0,3
25,1,4,5.0,1,1,0,3
25,1,4,4.0,1,1,0,3
25,1,4,4.0,1,1,0,3
25,1,4,4.0,1,1,0,3
25,1,4,5.0,1,1,0,3
26,1,9,1.0,0,1,1,3
26,1,9,1.0,0,1,1,3
27,1,22,4.0,0,1,1,3
27,1,22,4.0,0,1,1,3
28,1,23,3.0,1,1,0,3
28,1,23,3.0,1,1,0,3
28,1,23,3.0,1,1,0,3
28,1,23,4.0,1,1,0,3
28,1,23,3.0,1,1,0,3
28,1,23,5.0,1,1,0,3
28,1,23,4.0,1,1,0,3
28,1,23,4.0,1,1,0,3
28,1,23,5.0,1,1,0,3
28,1,23,4.0,1,1,0,3
28,1,23,4.0,1,1,0,3
28,1,23,2.0,1,1,0,3
28,1,23,3.0,1,1,0,3
28,1,23,4.0,1,1,0,3
28,1,23,3.0,1,1,0,3
28,1,23,4.0,1,1,0,3
28,1,23,5.0,1,1,0,3
28,1,23,4.0,1,1,0,3
28,1,23,3.0,1,1,0,3
28,1,23,5.0,1,1,0,3
28,1,23,5.0,1,1,0,3
28,1,23,5.0,1,1,0,3
28,1,23,4.0,1,1,0,3
28,1,23,2.0,1,1,0,3
28,1,23,5.0,1,1,0,3
28,1,23,5.0,1,1,0,3
28,1,23,4.0,1,1,0,3
28,1,23,4.0,1,1,0,3
28,1,23,4.0,1,1,0,3
28,1,23,4.0,1,1,0,3
28,1,23,2.0,1,1,0,3
28,1,23,5.0,1,1,0,3
28,1,23,2.0,1,1,0,3
28,1,23,5.0,1,1,0,3
28,1,23,5.0,1,1,0,3
28,1,23,2.0,1,1,0,3
28,1,23,5.0,1,1,0,3
28,1,23,2.0,1,1,0,3
28,1,23,3.0,1,1,0,3
28,1,23,5.0,1,1,0,3
28,1,23,4.0,1,1,0,3
28,1,23,2.0,1,1,0,3
28,1,23,2.0,1,1,0,3
28,1,23,4.0,1,1,0,3
28,1,23,3.0,1,1,0,3
28,1,23,3.0,1,1,0,3
28,1,23,4.0,1,1,0,3
28,1,23,4.0,1,1,0,3
28,1,23,4.0,1,1,0,3
28,1,23,3.0,1,1,0,3
28,1,23,3.0,1,1,0,3
28,1,23,4.0,1,1,0,3
28,1,23,4.0,1,1,0,3
28,1,23,4.0,1,1,0,3
28,1,23,4.0,1,1,0,3
28,1,23,5.0,1,1,0,3
28,1,23,5.0,1,1,0,3
29,1,24,3.0,0,1,1,3
29,1,24,4.0,0,1,1,3
29,1,24,3.0,0,1,1,3
29,1,24,4.0,0,1,1,3
29,1,24,4.0,0,1,1,3
29,1,24,5.0,0,1,1,3
29,1,24,4.0,0,1,1,3
29,1,24,3.0,0,1,1,3
29,1,24,5.0,0,1,1,3
29,1,24,5.0,0,1,1,3
30,1,25,4.0,1,1,0,4
30,1,25,4.0,1,1,0,4
30,1,25,4.0,1,1,0,4
30,1,25,4.0,1,1,0,4
30,1,25,4.0,1,1,0,4
30,1,25,4.0,1,1,0,4
30,1,25,5.0,1,1,0,4
30,1,25,5.0,1,1,0,4
30,1,25,5.0,1,1,0,4
30,1,25,5.0,1,1,0,4
30,1,25,5.0,1,1,0,4
30,1,25,3.0,1,1,0,4
30,1,25,3.0,1,1,0,4
30,1,25,5.0,1,1,0,4
30,1,25,5.0,1,1,0,4
30,1,25,5.0,1,1,0,4
30,1,25,5.0,1,1,0,4
30,1,25,5.0,1,1,0,4
30,1,25,5.0,1,1,0,4
30,1,25,5.0,1,1,0,4
30,1,25,5.0,1,1,0,4
30,1,25,5.0,1,1,0,4
30,1,25,5.0,1,1,0,4
30,1,25,4.0,1,1,0,4
30,1,25,3.0,1,1,0,4
30,1,25,4.0,1,1,0,4
6,1,4,4.0,1,1,1,3
6,1,4,4.0,1,1,1,3
31,1,26,2.0,1,1,0,3
31,1,26,2.0,1,1,0,3
31,1,26,4.0,1,1,0,3
31,1,26,3.0,1,1,0,3
31,1,26,3.0,1,1,0,3
31,1,26,5.0,1,1,0,3
31,1,26,4.0,1,1,0,3
31,1,26,3.0,1,1,0,3
31,1,26,1.0,1,1,0,3
31,1,26,3.0,1,1,0,3
31,1,26,5.0,1,1,0,3
31,1,26,4.0,1,1,0,3
31,1,26,3.0,1,1,0,3
31,1,26,4.0,1,1,0,3
31,1,26,4.0,1,1,0,3
31,1,26,4.0,1,1,0,3
31,1,26,3.0,1,1,0,3
31,1,26,5.0,1,1,0,3
31,1,26,2.0,1,1,0,3
31,1,26,5.0,1,1,0,3
31,1,26,5.0,1,1,0,3
31,1,26,5.0,1,1,0,3
31,1,26,4.0,1,1,0,3
31,1,26,4.0,1,1,0,3
31,1,26,5.0,1,1,0,3
31,1,26,4.0,1,1,0,3
31,1,26,4.0,1,1,0,3
31,1,26,5.0,1,1,0,3
31,1,26,4.0,1,1,0,3
31,1,26,3.0,1,1,0,3
31,1,26,3.0,1,1,0,3
31,1,26,5.0,1,1,0,3
31,1,26,5.0,1,1,0,3
31,1,26,4.0,1,1,0,3
31,1,26,4.0,1,1,0,3
31,1,26,4.0,1,1,0,3
31,1,26,4.0,1,1,0,3
31,1,26,4.0,1,1,0,3
31,1,26,4.0,1,1,0,3
31,1,26,2.0,1,1,0,3
31,1,26,3.0,1,1,0,3
31,1,26,5.0,1,1,0,3
31,1,26,2.0,1,1,0,3
31,1,26,5.0,1,1,0,3
31,1,26,4.0,1,1,0,3
31,1,26,4.0,1,1,0,3
31,1,26,5.0,1,1,0,3
31,1,26,4.0,1,1,0,3
31,1,26,5.0,1,1,0,3
31,1,26,5.0,1,1,0,3
31,1,26,5.0,1,1,0,3
31,1,26,1.0,1,1,0,3
31,1,26,5.0,1,1,0,3
31,1,26,4.0,1,1,0,3
31,1,26,5.0,1,1,0,3
31,1,26,4.0,1,1,0,3
31,1,26,4.0,1,1,0,3
31,1,26,4.0,1,1,0,3
31,1,26,5.0,1,1,0,3
31,1,26,5.0,1,1,0,3
31,1,26,4.0,1,1,0,3
32,1,27,0.0,1,1,0,3
33,1,28,5.0,1,1,0,3
33,1,28,3.0,1,1,0,3
33,1,28,3.0,1,1,0,3
33,1,28,3.0,1,1,0,3
33,1,28,2.0,1,1,0,3
33,1,28,2.0,1,1,0,3
33,1,28,2.0,1,1,0,3
33,1,28,1.0,1,1,0,3
33,1,28,4.0,1,1,0,3
33,1,28,1.0,1,1,0,3
33,1,28,4.0,1,1,0,3
33,1,28,3.0,1,1,0,3
33,1,28,1.0,1,1,0,3
33,1,28,4.0,1,1,0,3
33,1,28,1.0,1,1,0,3
33,1,28,3.0,1,1,0,3
33,1,28,3.0,1,1,0,3
33,1,28,3.0,1,1,0,3
33,1,28,2.0,1,1,0,3
33,1,28,3.0,1,1,0,3
33,1,28,3.0,1,1,0,3
33,1,28,1.0,1,1,0,3
33,1,28,1.0,1,1,0,3
33,1,28,4.0,1,1,0,3
33,1,28,3.0,1,1,0,3
33,1,28,1.0,1,1,0,3
33,1,28,1.0,1,1,0,3
33,1,28,4.0,1,1,0,3
33,1,28,5.0,1,1,0,3
33,1,28,2.0,1,1,0,3
33,1,28,2.0,1,1,0,3
33,1,28,1.0,1,1,0,3
33,1,28,5.0,1,1,0,3
33,1,28,4.0,1,1,0,3
33,1,28,4.0,1,1,0,3
33,1,28,2.0,1,1,0,3
33,1,28,1.0,1,1,0,3
33,1,28,1.0,1,1,0,3
33,1,28,1.0,1,1,0,3
33,1,28,5.0,1,1,0,3
33,1,28,1.0,1,1,0,3
33,1,28,3.0,1,1,0,3
33,1,28,3.0,1,1,0,3
33,1,28,3.0,1,1,0,3
33,1,28,4.0,1,1,0,3
33,1,28,2.0,1,1,0,3
33,1,28,3.0,1,1,0,3
33,1,28,1.0,1,1,0,3
33,1,28,1.0,1,1,0,3
33,1,28,5.0,1,1,0,3
33,1,28,3.0,1,1,0,3
33,1,28,3.0,1,1,0,3
33,1,28,1.0,1,1,0,3
33,1,28,4.0,1,1,0,3
33,1,28,3.0,1,1,0,3
33,1,28,3.0,1,1,0,3
33,1,28,2.0,1,1,0,3
33,1,28,3.0,1,1,0,3
33,1,28,3.0,1,1,0,3
33,1,28,4.0,1,1,0,3
33,1,28,5.0,1,1,0,3
33,1,28,2.0,1,1,0,3
33,1,28,3.0,1,1,0,3
33,1,28,3.0,1,1,0,3
33,1,28,1.0,1,1,0,3
33,1,28,3.0,1,1,0,3
33,1,28,2.0,1,1,0,3
33,1,28,1.0,1,1,0,3
33,1,28,3.0,1,1,0,3
33,1,28,1.0,1,1,0,3
33,1,28,1.0,1,1,0,3
33,1,28,2.0,1,1,0,3
33,1,28,1.0,1,1,0,3
33,1,28,1.0,1,1,0,3
33,1,28,3.0,1,1,0,3
33,1,28,5.0,1,1,0,3
33,1,28,3.0,1,1,0,3
33,1,28,3.0,1,1,0,3
33,1,28,3.0,1,1,0,3
33,1,28,1.0,1,1,0,3
33,1,28,3.0,1,1,0,3
33,1,28,4.0,1,1,0,3
33,1,28,3.0,1,1,0,3
33,1,28,1.0,1,1,0,3
33,1,28,3.0,1,1,0,3
33,1,28,3.0,1,1,0,3
33,1,28,4.0,1,1,0,3
33,1,28,4.0,1,1,0,3
33,1,28,4.0,1,1,0,3
33,1,28,3.0,1,1,0,3
33,1,28,3.0,1,1,0,3
33,1,28,2.0,1,1,0,3
33,1,28,2.0,1,1,0,3
33,1,28,4.0,1,1,0,3
33,1,28,2.0,1,1,0,3
33,1,28,1.0,1,1,0,3
33,1,28,4.0,1,1,0,3
33,1,28,1.0,1,1,0,3
33,1,28,1.0,1,1,0,3
33,1,28,1.0,1,1,0,3
33,1,28,4.0,1,1,0,3
33,1,28,3.0,1,1,0,3
33,1,28,3.0,1,1,0,3
33,1,28,5.0,1,1,0,3
34,1,29,4.0,1,1,0,3
34,1,29,4.0,1,1,0,3
34,1,29,5.0,1,1,0,3
34,1,29,4.0,1,1,0,3
34,1,29,4.0,1,1,0,3
34,1,29,4.0,1,1,0,3
34,1,29,4.0,1,1,0,3
34,1,29,4.0,1,1,0,3
34,1,29,4.0,1,1,0,3
34,1,29,3.0,1,1,0,3
34,1,29,5.0,1,1,0,3
34,1,29,5.0,1,1,0,3
34,1,29,5.0,1,1,0,3
34,1,29,3.0,1,1,0,3
34,1,29,4.0,1,1,0,3
34,1,29,5.0,1,1,0,3
34,1,29,4.0,1,1,0,3
34,1,29,4.0,1,1,0,3
34,1,29,3.0,1,1,0,3
34,1,29,4.0,1,1,0,3
34,1,29,4.0,1,1,0,3
34,1,29,4.0,1,1,0,3
34,1,29,4.0,1,1,0,3
34,1,29,4.0,1,1,0,3
34,1,29,4.0,1,1,0,3
34,1,29,4.0,1,1,0,3
34,1,29,5.0,1,1,0,3
34,1,29,5.0,1,1,0,3
34,1,29,5.0,1,1,0,3
34,1,29,4.0,1,1,0,3
34,1,29,4.0,1,1,0,3
34,1,29,5.0,1,1,0,3
34,1,29,5.0,1,1,0,3
34,1,29,5.0,1,1,0,3
34,1,29,4.0,1,1,0,3
34,1,29,5.0,1,1,0,3
34,1,29,3.0,1,1,0,3
34,1,29,3.0,1,1,0,3
34,1,29,4.0,1,1,0,3
34,1,29,2.0,1,1,0,3
34,1,29,4.0,1,1,0,3
34,1,29,4.0,1,1,0,3
34,1,29,3.0,1,1,0,3
34,1,29,3.0,1,1,0,3
34,1,29,4.0,1,1,0,3
34,1,29,5.0,1,1,0,3
34,1,29,2.0,1,1,0,3
34,1,29,3.0,1,1,0,3
34,1,29,4.0,1,1,0,3
34,1,29,2.0,1,1,0,3
34,1,29,4.0,1,1,0,3
34,1,29,4.0,1,1,0,3
34,1,29,2.0,1,1,0,3
34,1,29,5.0,1,1,0,3
34,1,29,4.0,1,1,0,3
35,1,11,5.0,0,1,1,3
35,1,11,5.0,0,1,1,3
36,1,10,0.0,0,1,1,3
37,1,18,3.0,1,1,1,4
37,1,18,4.0,1,1,1,4
37,1,18,5.0,1,1,1,4
37,1,18,5.0,1,1,1,4
37,1,18,4.0,1,1,1,4
37,1,18,3.0,1,1,1,4
37,1,18,4.0,1,1,1,4
37,1,18,2.0,1,1,1,4
37,1,18,5.0,1,1,1,4
38,1,18,5.0,1,1,0,3
38,1,18,5.0,1,1,0,3
38,1,18,5.0,1,1,0,3
38,1,18,5.0,1,1,0,3
38,1,18,5.0,1,1,0,3
38,1,18,1.0,1,1,0,3
38,1,18,5.0,1,1,0,3
38,1,18,5.0,1,1,0,3
38,1,18,5.0,1,1,0,3
38,1,18,5.0,1,1,0,3
38,1,18,5.0,1,1,0,3
38,1,18,5.0,1,1,0,3
38,1,18,5.0,1,1,0,3
38,1,18,5.0,1,1,0,3
38,1,18,5.0,1,1,0,3
38,1,18,5.0,1,1,0,3
39,1,30,5.0,1,1,0,3
39,1,30,5.0,1,1,0,3
39,1,30,1.0,1,1,0,3
39,1,30,5.0,1,1,0,3
39,1,30,4.0,1,1,0,3
39,1,30,3.0,1,1,0,3
39,1,30,1.0,1,1,0,3
39,1,30,1.0,1,1,0,3
39,1,30,5.0,1,1,0,3
39,1,30,5.0,1,1,0,3
39,1,30,4.0,1,1,0,3
40,1,31,5.0,1,1,0,3
40,1,31,5.0,1,1,0,3
40,1,31,5.0,1,1,0,3
40,1,31,5.0,1,1,0,3
40,1,31,5.0,1,1,0,3
40,1,31,4.0,1,1,0,3
40,1,31,5.0,1,1,0,3
40,1,31,5.0,1,1,0,3
40,1,31,5.0,1,1,0,3
40,1,31,5.0,1,1,0,3
40,1,31,5.0,1,1,0,3
40,1,31,5.0,1,1,0,3
40,1,31,5.0,1,1,0,3
40,1,31,5.0,1,1,0,3
40,1,31,5.0,1,1,0,3
40,1,31,5.0,1,1,0,3
40,1,31,5.0,1,1,0,3
40,1,31,4.0,1,1,0,3
40,1,31,5.0,1,1,0,3
40,1,31,4.0,1,1,0,3
40,1,31,4.0,1,1,0,3
40,1,31,5.0,1,1,0,3
40,1,31,4.0,1,1,0,3
40,1,31,5.0,1,1,0,3
40,1,31,4.0,1,1,0,3
40,1,31,4.0,1,1,0,3
40,1,31,4.0,1,1,0,3
40,1,31,5.0,1,1,0,3
40,1,31,5.0,1,1,0,3
40,1,31,5.0,1,1,0,3
40,1,31,5.0,1,1,0,3
40,1,31,5.0,1,1,0,3
40,1,31,5.0,1,1,0,3
40,1,31,5.0,1,1,0,3
40,1,31,5.0,1,1,0,3
40,1,31,5.0,1,1,0,3
40,1,31,4.0,1,1,0,3
40,1,31,5.0,1,1,0,3
40,1,31,4.0,1,1,0,3
40,1,31,5.0,1,1,0,3
40,1,31,5.0,1,1,0,3
40,1,31,5.0,1,1,0,3
40,1,31,5.0,1,1,0,3
40,1,31,4.0,1,1,0,3
40,1,31,1.0,1,1,0,3
40,1,31,5.0,1,1,0,3
40,1,31,5.0,1,1,0,3
40,1,31,3.0,1,1,0,3
40,1,31,2.0,1,1,0,3
40,1,31,3.0,1,1,0,3
40,1,31,2.0,1,1,0,3
40,1,31,5.0,1,1,0,3
40,1,31,5.0,1,1,0,3
40,1,31,5.0,1,1,0,3
40,1,31,5.0,1,1,0,3
40,1,31,4.0,1,1,0,3
40,1,31,5.0,1,1,0,3
40,1,31,5.0,1,1,0,3
40,1,31,5.0,1,1,0,3
40,1,31,5.0,1,1,0,3
40,1,31,5.0,1,1,0,3
40,1,31,5.0,1,1,0,3
40,1,31,5.0,1,1,0,3
40,1,31,5.0,1,1,0,3
40,1,31,5.0,1,1,0,3
40,1,31,5.0,1,1,0,3
40,1,31,5.0,1,1,0,3
41,1,32,0.0,0,1,0,4
42,1,28,1.0,0,1,1,3
42,1,28,1.0,0,1,1,3
42,1,28,4.0,0,1,1,3
42,1,28,5.0,0,1,1,3
42,1,28,1.0,0,1,1,3
42,1,28,3.0,0,1,1,3
42,1,28,3.0,0,1,1,3
42,1,28,3.0,0,1,1,3
42,1,28,3.0,0,1,1,3
42,1,28,5.0,0,1,1,3
42,1,28,5.0,0,1,1,3
42,1,28,5.0,0,1,1,3
42,1,28,5.0,0,1,1,3
42,1,28,5.0,0,1,1,3
42,1,28,5.0,0,1,1,3
42,1,28,4.0,0,1,1,3
42,1,28,4.0,0,1,1,3
42,1,28,4.0,0,1,1,3
42,1,28,4.0,0,1,1,3
42,1,28,5.0,0,1,1,3
42,1,28,5.0,0,1,1,3
42,1,28,3.0,0,1,1,3
42,1,28,0.0,0,1,1,3
42,1,28,4.0,0,1,1,3
42,1,28,3.0,0,1,1,3
42,1,28,3.0,0,1,1,3
42,1,28,3.0,0,1,1,3
42,1,28,3.0,0,1,1,3
42,1,28,3.0,0,1,1,3
42,1,28,3.0,0,1,1,3
42,1,28,2.0,0,1,1,3
42,1,28,2.0,0,1,1,3
42,1,28,2.0,0,1,1,3
42,1,28,2.0,0,1,1,3
42,1,28,2.0,0,1,1,3
42,1,28,2.0,0,1,1,3
42,1,28,2.0,0,1,1,3
42,1,28,5.0,0,1,1,3
42,1,28,4.0,0,1,1,3
42,1,28,4.0,0,1,1,3
42,1,28,4.0,0,1,1,3
42,1,28,4.0,0,1,1,3
42,1,28,4.0,0,1,1,3
42,1,28,3.0,0,1,1,3
42,1,28,3.0,0,1,1,3
42,1,28,3.0,0,1,1,3
42,1,28,3.0,0,1,1,3
42,1,28,3.0,0,1,1,3
42,1,28,3.0,0,1,1,3
43,1,33,4.0,0,1,1,3
43,1,33,4.0,0,1,1,3
43,1,33,3.0,0,1,1,3
43,1,33,5.0,0,1,1,3
43,1,33,4.0,0,1,1,3
43,1,33,3.0,0,1,1,3
43,1,33,1.0,0,1,1,3
43,1,33,4.0,0,1,1,3
43,1,33,1.0,0,1,1,3
43,1,33,5.0,0,1,1,3
43,1,33,5.0,0,1,1,3
43,1,33,5.0,0,1,1,3
43,1,33,1.0,0,1,1,3
43,1,33,5.0,0,1,1,3
43,1,33,5.0,0,1,1,3
43,1,33,5.0,0,1,1,3
43,1,33,3.0,0,1,1,3
43,1,33,1.0,0,1,1,3
43,1,33,1.0,0,1,1,3
43,1,33,4.0,0,1,1,3
43,1,33,4.0,0,1,1,3
43,1,33,4.0,0,1,1,3
43,1,33,4.0,0,1,1,3
43,1,33,5.0,0,1,1,3
43,1,33,3.0,0,1,1,3
43,1,33,1.0,0,1,1,3
43,1,33,3.0,0,1,1,3
43,1,33,4.0,0,1,1,3
43,1,33,5.0,0,1,1,3
43,1,33,4.0,0,1,1,3
43,1,33,4.0,0,1,1,3
43,1,33,4.0,0,1,1,3
43,1,33,2.0,0,1,1,3
43,1,33,3.0,0,1,1,3
43,1,33,4.0,0,1,1,3
44,1,34,4.0,0,1,0,3
44,1,34,4.0,0,1,0,3
44,1,34,0.0,0,1,0,3
44,1,34,0.0,0,1,0,3
44,1,34,0.0,0,1,0,3
45,1,21,1.0,1,1,0,3
45,1,21,0.0,1,1,0,3
45,1,21,3.0,1,1,0,3
45,1,21,2.0,1,1,0,3
45,1,21,1.0,1,1,0,3
45,1,21,1.0,1,1,0,3
45,1,21,1.0,1,1,0,3
45,1,21,1.0,1,1,0,3
45,1,21,1.0,1,1,0,3
45,1,21,5.0,1,1,0,3
45,1,21,1.0,1,1,0,3
45,1,21,4.0,1,1,0,3
45,1,21,3.0,1,1,0,3
45,1,21,2.0,1,1,0,3
45,1,21,2.0,1,1,0,3
45,1,21,1.0,1,1,0,3
45,1,21,1.0,1,1,0,3
45,1,21,4.0,1,1,0,3
45,1,21,1.0,1,1,0,3
45,1,21,4.0,1,1,0,3
45,1,21,1.0,1,1,0,3
45,1,21,4.0,1,1,0,3
45,1,21,1.0,1,1,0,3
45,1,21,1.0,1,1,0,3
45,1,21,1.0,1,1,0,3
45,1,21,3.0,1,1,0,3
45,1,21,1.0,1,1,0,3
45,1,21,1.0,1,1,0,3
45,1,21,2.0,1,1,0,3
45,1,21,5.0,1,1,0,3
45,1,21,2.0,1,1,0,3
46,1,35,0.0,0,1,1,3
47,1,28,4.0,0,1,1,3
7,1,5,3.0,0,1,0,3
7,1,5,5.0,0,1,0,3
48,1,36,0.0,1,1,1,3
48,1,36,0.0,1,1,1,3
49,1,3,4.0,1,1,1,3
50,1,37,5.0,1,1,0,3
50,1,37,5.0,1,1,0,3
50,1,37,4.0,1,1,0,3
50,1,37,5.0,1,1,0,3
50,1,37,5.0,1,1,0,3
50,1,37,5.0,1,1,0,3
50,1,37,4.0,1,1,0,3
50,1,37,5.0,1,1,0,3
50,1,37,5.0,1,1,0,3
50,1,37,1.0,1,1,0,3
50,1,37,5.0,1,1,0,3
50,1,37,5.0,1,1,0,3
50,1,37,5.0,1,1,0,3
50,1,37,5.0,1,1,0,3
50,1,37,5.0,1,1,0,3
50,1,37,5.0,1,1,0,3
50,1,37,5.0,1,1,0,3
50,1,37,5.0,1,1,0,3
50,1,37,5.0,1,1,0,3
50,1,37,4.0,1,1,0,3
50,1,37,4.0,1,1,0,3
50,1,37,4.0,1,1,0,3
50,1,37,5.0,1,1,0,3
50,1,37,4.0,1,1,0,3
50,1,37,4.0,1,1,0,3
50,1,37,4.0,1,1,0,3
50,1,37,5.0,1,1,0,3
50,1,37,5.0,1,1,0,3
50,1,37,4.0,1,1,0,3
50,1,37,4.0,1,1,0,3
50,1,37,4.0,1,1,0,3
50,1,37,5.0,1,1,0,3
50,1,37,4.0,1,1,0,3
50,1,37,5.0,1,1,0,3
50,1,37,5.0,1,1,0,3
50,1,37,5.0,1,1,0,3
50,1,37,5.0,1,1,0,3
50,1,37,5.0,1,1,0,3
50,1,37,3.0,1,1,0,3
50,1,37,2.0,1,1,0,3
50,1,37,5.0,1,1,0,3
50,1,37,1.0,1,1,0,3
50,1,37,5.0,1,1,0,3
50,1,37,5.0,1,1,0,3
50,1,37,5.0,1,1,0,3
50,1,37,4.0,1,1,0,3
50,1,37,5.0,1,1,0,3
50,1,37,5.0,1,1,0,3
50,1,37,4.0,1,1,0,3
50,1,37,5.0,1,1,0,3
50,1,37,5.0,1,1,0,3
50,1,37,5.0,1,1,0,3
50,1,37,5.0,1,1,0,3
50,1,37,3.0,1,1,0,3
50,1,37,4.0,1,1,0,3
50,1,37,4.0,1,1,0,3
50,1,37,5.0,1,1,0,3
50,1,37,5.0,1,1,0,3
50,1,37,5.0,1,1,0,3
50,1,37,5.0,1,1,0,3
50,1,37,4.0,1,1,0,3
50,1,37,5.0,1,1,0,3
50,1,37,5.0,1,1,0,3
50,1,37,5.0,1,1,0,3
50,1,37,1.0,1,1,0,3
50,1,37,5.0,1,1,0,3
50,1,37,3.0,1,1,0,3
50,1,37,5.0,1,1,0,3
50,1,37,5.0,1,1,0,3
50,1,37,5.0,1,1,0,3
50,1,37,5.0,1,1,0,3
50,1,37,5.0,1,1,0,3
50,1,37,4.0,1,1,0,3
50,1,37,4.0,1,1,0,3
50,1,37,5.0,1,1,0,3
50,1,37,5.0,1,1,0,3
50,1,37,4.0,1,1,0,3
50,1,37,5.0,1,1,0,3
50,1,37,4.0,1,1,0,3
50,1,37,5.0,1,1,0,3
51,1,16,5.0,0,1,1,4
51,1,16,5.0,0,1,1,4
51,1,16,5.0,0,1,1,4
51,1,16,5.0,0,1,1,4
51,1,16,5.0,0,1,1,4
51,1,16,5.0,0,1,1,4
51,1,16,5.0,0,1,1,4
51,1,16,5.0,0,1,1,4
51,1,16,5.0,0,1,1,4
51,1,16,5.0,0,1,1,4
51,1,16,5.0,0,1,1,4
51,1,16,5.0,0,1,1,4
51,1,16,0.0,0,1,1,4
51,1,16,5.0,0,1,1,4
51,1,16,5.0,0,1,1,4
51,1,16,5.0,0,1,1,4
51,1,16,5.0,0,1,1,4
51,1,16,5.0,0,1,1,4
51,1,16,5.0,0,1,1,4
51,1,16,5.0,0,1,1,4
51,1,16,5.0,0,1,1,4
51,1,16,4.0,0,1,1,4
51,1,16,5.0,0,1,1,4
51,1,16,5.0,0,1,1,4
51,1,16,5.0,0,1,1,4
51,1,16,5.0,0,1,1,4
51,1,16,5.0,0,1,1,4
51,1,16,5.0,0,1,1,4
51,1,16,5.0,0,1,1,4
51,1,16,5.0,0,1,1,4
51,1,16,5.0,0,1,1,4
52,1,2,5.0,1,1,0,3
52,1,2,5.0,1,1,0,3
52,1,2,5.0,1,1,0,3
52,1,2,4.0,1,1,0,3
52,1,2,5.0,1,1,0,3
52,1,2,5.0,1,1,0,3
52,1,2,4.0,1,1,0,3
52,1,2,2.0,1,1,0,3
52,1,2,3.0,1,1,0,3
52,1,2,5.0,1,1,0,3
52,1,2,5.0,1,1,0,3
52,1,2,5.0,1,1,0,3
52,1,2,5.0,1,1,0,3
52,1,2,5.0,1,1,0,3
52,1,2,5.0,1,1,0,3
52,1,2,5.0,1,1,0,3
52,1,2,5.0,1,1,0,3
52,1,2,5.0,1,1,0,3
52,1,2,2.0,1,1,0,3
52,1,2,5.0,1,1,0,3
52,1,2,3.0,1,1,0,3
52,1,2,5.0,1,1,0,3
52,1,2,5.0,1,1,0,3
52,1,2,5.0,1,1,0,3
52,1,2,5.0,1,1,0,3
52,1,2,5.0,1,1,0,3
52,1,2,5.0,1,1,0,3
52,1,2,4.0,1,1,0,3
52,1,2,5.0,1,1,0,3
52,1,2,5.0,1,1,0,3
52,1,2,5.0,1,1,0,3
52,1,2,3.0,1,1,0,3
52,1,2,5.0,1,1,0,3
52,1,2,5.0,1,1,0,3
52,1,2,4.0,1,1,0,3
52,1,2,5.0,1,1,0,3
52,1,2,5.0,1,1,0,3
52,1,2,5.0,1,1,0,3
52,1,2,5.0,1,1,0,3
52,1,2,5.0,1,1,0,3
52,1,2,2.0,1,1,0,3
52,1,2,5.0,1,1,0,3
52,1,2,4.0,1,1,0,3
52,1,2,4.0,1,1,0,3
52,1,2,4.0,1,1,0,3
52,1,2,5.0,1,1,0,3
52,1,2,5.0,1,1,0,3
52,1,2,5.0,1,1,0,3
52,1,2,5.0,1,1,0,3
52,1,2,5.0,1,1,0,3
52,1,2,5.0,1,1,0,3
52,1,2,5.0,1,1,0,3
52,1,2,5.0,1,1,0,3
52,1,2,5.0,1,1,0,3
52,1,2,5.0,1,1,0,3
52,1,2,4.0,1,1,0,3
52,1,2,5.0,1,1,0,3
52,1,2,5.0,1,1,0,3
52,1,2,4.0,1,1,0,3
52,1,2,4.0,1,1,0,3
52,1,2,5.0,1,1,0,3
52,1,2,5.0,1,1,0,3
53,1,20,1.0,1,1,0,3
53,1,20,4.0,1,1,0,3
53,1,20,5.0,1,1,0,3
53,1,20,3.0,1,1,0,3
53,1,20,2.0,1,1,0,3
53,1,20,2.0,1,1,0,3
53,1,20,2.0,1,1,0,3
53,1,20,1.0,1,1,0,3
53,1,20,3.0,1,1,0,3
53,1,20,3.0,1,1,0,3
53,1,20,1.0,1,1,0,3
53,1,20,3.0,1,1,0,3
53,1,20,5.0,1,1,0,3
53,1,20,5.0,1,1,0,3
53,1,20,4.0,1,1,0,3
53,1,20,3.0,1,1,0,3
53,1,20,5.0,1,1,0,3
53,1,20,4.0,1,1,0,3
53,1,20,3.0,1,1,0,3
53,1,20,4.0,1,1,0,3
53,1,20,3.0,1,1,0,3
53,1,20,1.0,1,1,0,3
6,1,38,4.0,0,1,0,3
6,1,38,4.0,0,1,0,3
6,1,38,4.0,0,1,0,3
6,1,38,5.0,0,1,0,3
6,1,38,5.0,0,1,0,3
6,1,38,5.0,0,1,0,3
6,1,38,5.0,0,1,0,3
6,1,38,5.0,0,1,0,3
6,1,38,5.0,0,1,0,3
6,1,38,5.0,0,1,0,3
6,1,38,5.0,0,1,0,3
54,1,3,4.0,1,1,1,3
55,1,16,3.0,0,1,1,3
55,1,16,4.0,0,1,1,3
55,1,16,1.0,0,1,1,3
55,1,16,4.0,0,1,1,3
55,1,16,3.0,0,1,1,3
55,1,16,5.0,0,1,1,3
55,1,16,5.0,0,1,1,3
55,1,16,4.0,0,1,1,3
55,1,16,4.0,0,1,1,3
55,1,16,5.0,0,1,1,3
55,1,16,5.0,0,1,1,3
55,1,16,4.0,0,1,1,3
55,1,16,5.0,0,1,1,3
55,1,16,5.0,0,1,1,3
55,1,16,4.0,0,1,1,3
55,1,16,3.0,0,1,1,3
55,1,16,5.0,0,1,1,3
55,1,16,5.0,0,1,1,3
55,1,16,5.0,0,1,1,3
55,1,16,5.0,0,1,1,3
55,1,16,4.0,0,1,1,3
55,1,16,5.0,0,1,1,3
55,1,16,5.0,0,1,1,3
55,1,16,2.0,0,1,1,3
55,1,16,5.0,0,1,1,3
55,1,16,5.0,0,1,1,3
55,1,16,5.0,0,1,1,3
55,1,16,5.0,0,1,1,3
55,1,16,4.0,0,1,1,3
55,1,16,5.0,0,1,1,3
55,1,16,5.0,0,1,1,3
55,1,16,5.0,0,1,1,3
55,1,16,2.0,0,1,1,3
55,1,16,5.0,0,1,1,3
55,1,16,5.0,0,1,1,3
55,1,16,5.0,0,1,1,3
55,1,16,5.0,0,1,1,3
55,1,16,5.0,0,1,1,3
55,1,16,3.0,0,1,1,3
55,1,16,5.0,0,1,1,3
55,1,16,2.0,0,1,1,3
55,1,16,5.0,0,1,1,3
55,1,16,5.0,0,1,1,3
55,1,16,5.0,0,1,1,3
55,1,16,4.0,0,1,1,3
55,1,16,3.0,0,1,1,3
55,1,16,5.0,0,1,1,3
55,1,16,5.0,0,1,1,3
56,1,3,5.0,1,1,0,3
56,1,3,5.0,1,1,0,3
56,1,3,5.0,1,1,0,3
56,1,3,5.0,1,1,0,3
56,1,3,5.0,1,1,0,3
56,1,3,4.9,1,1,0,3
56,1,3,4.8,1,1,0,3
56,1,3,4.8,1,1,0,3
56,1,3,4.8,1,1,0,3
56,1,3,4.8,1,1,0,3
56,1,3,4.8,1,1,0,3
56,1,3,4.8,1,1,0,3
56,1,3,4.8,1,1,0,3
56,1,3,4.8,1,1,0,3
56,1,3,4.8,1,1,0,3
56,1,3,5.0,1,1,0,3
56,1,3,5.0,1,1,0,3
56,1,3,5.0,1,1,0,3
56,1,3,5.0,1,1,0,3
56,1,3,5.0,1,1,0,3
56,1,3,5.0,1,1,0,3
56,1,3,5.0,1,1,0,3
56,1,3,5.0,1,1,0,3
56,1,3,5.0,1,1,0,3
56,1,3,5.0,1,1,0,3
56,1,3,5.0,1,1,0,3
56,1,3,5.0,1,1,0,3
56,1,3,5.0,1,1,0,3
56,1,3,5.0,1,1,0,3
56,1,3,5.0,1,1,0,3
56,1,3,4.9,1,1,0,3
56,1,3,5.0,1,1,0,3
56,1,3,5.0,1,1,0,3
56,1,3,5.0,1,1,0,3
56,1,3,5.0,1,1,0,3
56,1,3,5.0,1,1,0,3
56,1,3,5.0,1,1,0,3
56,1,3,5.0,1,1,0,3
56,1,3,5.0,1,1,0,3
56,1,3,5.0,1,1,0,3
56,1,3,5.0,1,1,0,3
56,1,3,5.0,1,1,0,3
56,1,3,4.8,1,1,0,3
56,1,3,4.8,1,1,0,3
56,1,3,5.0,1,1,0,3
56,1,3,4.9,1,1,0,3
56,1,3,4.9,1,1,0,3
56,1,3,5.0,1,1,0,3
57,1,39,5.0,1,1,1,3
57,1,39,5.0,1,1,1,3
57,1,39,4.0,1,1,1,3
57,1,39,3.0,1,1,1,3
57,1,39,4.0,1,1,1,3
57,1,39,4.0,1,1,1,3
57,1,39,2.0,1,1,1,3
57,1,39,3.0,1,1,1,3
57,1,39,4.0,1,1,1,3
57,1,39,5.0,1,1,1,3
57,1,39,1.0,1,1,1,3
57,1,39,5.0,1,1,1,3
57,1,39,2.0,1,1,1,3
57,1,39,4.0,1,1,1,3
57,1,39,4.0,1,1,1,3
57,1,39,3.0,1,1,1,3
57,1,39,4.0,1,1,1,3
57,1,39,2.0,1,1,1,3
57,1,39,2.0,1,1,1,3
57,1,39,1.0,1,1,1,3
57,1,39,4.0,1,1,1,3
57,1,39,1.0,1,1,1,3
57,1,39,3.0,1,1,1,3
57,1,39,4.0,1,1,1,3
57,1,39,1.0,1,1,1,3
57,1,39,5.0,1,1,1,3
57,1,39,1.0,1,1,1,3
57,1,39,4.0,1,1,1,3
57,1,39,3.0,1,1,1,3
57,1,39,5.0,1,1,1,3
57,1,39,5.0,1,1,1,3
57,1,39,4.0,1,1,1,3
57,1,39,4.0,1,1,1,3
57,1,39,4.0,1,1,1,3
57,1,39,3.0,1,1,1,3
57,1,39,3.0,1,1,1,3
57,1,39,4.0,1,1,1,3
57,1,39,4.0,1,1,1,3
57,1,39,2.0,1,1,1,3
57,1,39,4.0,1,1,1,3
57,1,39,4.0,1,1,1,3
57,1,39,4.0,1,1,1,3
57,1,39,4.0,1,1,1,3
57,1,39,2.0,1,1,1,3
57,1,39,3.0,1,1,1,3
57,1,39,3.0,1,1,1,3
57,1,39,4.0,1,1,1,3
57,1,39,4.0,1,1,1,3
57,1,39,2.0,1,1,1,3
57,1,39,5.0,1,1,1,3
57,1,39,5.0,1,1,1,3
57,1,39,5.0,1,1,1,3
57,1,39,3.0,1,1,1,3
57,1,39,2.0,1,1,1,3
57,1,39,4.0,1,1,1,3
57,1,39,3.0,1,1,1,3
57,1,39,4.0,1,1,1,3
57,1,39,3.0,1,1,1,3
57,1,39,3.0,1,1,1,3
57,1,39,4.0,1,1,1,3
57,1,39,5.0,1,1,1,3
57,1,39,4.0,1,1,1,3
57,1,39,2.0,1,1,1,3
57,1,39,4.0,1,1,1,3
57,1,39,5.0,1,1,1,3
57,1,39,4.0,1,1,1,3
57,1,39,2.0,1,1,1,3
57,1,39,5.0,1,1,1,3
57,1,39,3.0,1,1,1,3
57,1,39,1.0,1,1,1,3
57,1,39,5.0,1,1,1,3
57,1,39,2.0,1,1,1,3
57,1,39,3.0,1,1,1,3
57,1,39,1.0,1,1,1,3
57,1,39,1.0,1,1,1,3
57,1,39,2.0,1,1,1,3
57,1,39,4.0,1,1,1,3
58,1,6,5.0,1,1,0,3
58,1,6,5.0,1,1,0,3
58,1,6,5.0,1,1,0,3
58,1,6,5.0,1,1,0,3
58,1,6,5.0,1,1,0,3
58,1,6,3.0,1,1,0,3
58,1,6,3.0,1,1,0,3
58,1,6,4.0,1,1,0,3
58,1,6,4.0,1,1,0,3
58,1,6,5.0,1,1,0,3
58,1,6,4.0,1,1,0,3
58,1,6,4.0,1,1,0,3
58,1,6,4.0,1,1,0,3
58,1,6,4.0,1,1,0,3
58,1,6,2.0,1,1,0,3
58,1,6,4.0,1,1,0,3
58,1,6,5.0,1,1,0,3
58,1,6,2.0,1,1,0,3
58,1,6,2.0,1,1,0,3
58,1,6,4.0,1,1,0,3
58,1,6,3.0,1,1,0,3
58,1,6,3.0,1,1,0,3
58,1,6,3.0,1,1,0,3
58,1,6,5.0,1,1,0,3
58,1,6,3.0,1,1,0,3
58,1,6,5.0,1,1,0,3
58,1,6,5.0,1,1,0,3
58,1,6,5.0,1,1,0,3
58,1,6,5.0,1,1,0,3
58,1,6,4.0,1,1,0,3
58,1,6,4.0,1,1,0,3
58,1,6,4.0,1,1,0,3
58,1,6,4.0,1,1,0,3
58,1,6,1.0,1,1,0,3
58,1,6,3.0,1,1,0,3
58,1,6,3.0,1,1,0,3
58,1,6,5.0,1,1,0,3
58,1,6,4.0,1,1,0,3
58,1,6,4.0,1,1,0,3
58,1,6,5.0,1,1,0,3
59,1,40,4.0,0,1,1,3
59,1,40,4.0,0,1,1,3
59,1,40,4.0,0,1,1,3
59,1,40,4.0,0,1,1,3
59,1,40,4.0,0,1,1,3
59,1,40,4.0,0,1,1,3
59,1,40,4.0,0,1,1,3
59,1,40,4.0,0,1,1,3
59,1,40,4.0,0,1,1,3
59,1,40,4.0,0,1,1,3
59,1,40,4.0,0,1,1,3
22,1,41,5.0,1,1,1,3
22,1,41,5.0,1,1,1,3
22,1,41,4.0,1,1,1,3
22,1,41,5.0,1,1,1,3
22,1,41,5.0,1,1,1,3
22,1,41,5.0,1,1,1,3
22,1,41,3.0,1,1,1,3
22,1,41,5.0,1,1,1,3
22,1,41,5.0,1,1,1,3
22,1,41,5.0,1,1,1,3
22,1,41,4.0,1,1,1,3
22,1,41,4.0,1,1,1,3
22,1,41,4.0,1,1,1,3
22,1,41,4.0,1,1,1,3
22,1,41,5.0,1,1,1,3
22,1,41,2.0,1,1,1,3
22,1,41,5.0,1,1,1,3
22,1,41,5.0,1,1,1,3
22,1,41,4.0,1,1,1,3
22,1,41,4.0,1,1,1,3
22,1,41,1.0,1,1,1,3
22,1,41,4.0,1,1,1,3
22,1,41,5.0,1,1,1,3
22,1,41,5.0,1,1,1,3
22,1,41,5.0,1,1,1,3
22,1,41,2.0,1,1,1,3
22,1,41,4.0,1,1,1,3
22,1,41,4.0,1,1,1,3
22,1,41,4.0,1,1,1,3
22,1,41,5.0,1,1,1,3
22,1,41,5.0,1,1,1,3
22,1,41,5.0,1,1,1,3
22,1,41,5.0,1,1,1,3
22,1,41,5.0,1,1,1,3
22,1,41,4.0,1,1,1,3
22,1,41,2.0,1,1,1,3
22,1,41,5.0,1,1,1,3
22,1,41,5.0,1,1,1,3
22,1,41,4.0,1,1,1,3
22,1,41,4.0,1,1,1,3
22,1,41,4.0,1,1,1,3
22,1,41,3.0,1,1,1,3
22,1,41,3.0,1,1,1,3
22,1,41,4.0,1,1,1,3
22,1,41,5.0,1,1,1,3
22,1,41,5.0,1,1,1,3
22,1,41,5.0,1,1,1,3
22,1,41,4.0,1,1,1,3
22,1,41,1.0,1,1,1,3
22,1,41,5.0,1,1,1,3
22,1,41,5.0,1,1,1,3
22,1,41,4.0,1,1,1,3
22,1,41,4.0,1,1,1,3
22,1,41,4.0,1,1,1,3
22,1,41,5.0,1,1,1,3
22,1,41,5.0,1,1,1,3
22,1,41,1.0,1,1,1,3
22,1,41,1.0,1,1,1,3
22,1,41,1.0,1,1,1,3
22,1,41,3.0,1,1,1,3
22,1,41,3.0,1,1,1,3
22,1,41,3.0,1,1,1,3
22,1,41,5.0,1,1,1,3
22,1,41,4.0,1,1,1,3
22,1,41,5.0,1,1,1,3
22,1,41,5.0,1,1,1,3
22,1,41,4.0,1,1,1,3
22,1,41,5.0,1,1,1,3
22,1,41,5.0,1,1,1,3
22,1,41,5.0,1,1,1,3
22,1,41,5.0,1,1,1,3
22,1,41,5.0,1,1,1,3
22,1,41,4.0,1,1,1,3
22,1,41,5.0,1,1,1,3
22,1,41,5.0,1,1,1,3
22,1,41,5.0,1,1,1,3
22,1,41,1.0,1,1,1,3
22,1,41,3.0,1,1,1,3
22,1,41,3.0,1,1,1,3
22,1,41,3.0,1,1,1,3
22,1,41,3.0,1,1,1,3
60,1,42,5.0,0,1,1,3
61,1,43,5.0,0,1,1,4
61,1,43,4.0,0,1,1,4
61,1,43,5.0,0,1,1,4
61,1,43,5.0,0,1,1,4
61,1,43,5.0,0,1,1,4
61,1,43,5.0,0,1,1,4
61,1,43,3.0,0,1,1,4
61,1,43,5.0,0,1,1,4
61,1,43,5.0,0,1,1,4
61,1,43,4.0,0,1,1,4
61,1,43,4.0,0,1,1,4
61,1,43,5.0,0,1,1,4
61,1,43,0.0,0,1,1,4
61,1,43,3.0,0,1,1,4
62,1,44,4.0,1,1,1,3
62,1,44,4.0,1,1,1,3
62,1,44,4.0,1,1,1,3
62,1,44,4.0,1,1,1,3
62,1,44,4.0,1,1,1,3
63,1,3,2.0,1,1,0,3
63,1,3,5.0,1,1,0,3
63,1,3,2.0,1,1,0,3
63,1,3,3.0,1,1,0,3
63,1,3,4.0,1,1,0,3
64,1,45,0.0,0,1,0,3
65,1,18,4.0,1,1,0,3
65,1,18,5.0,1,1,0,3
65,1,18,5.0,1,1,0,3
65,1,18,5.0,1,1,0,3
65,1,18,5.0,1,1,0,3
65,1,18,5.0,1,1,0,3
65,1,18,3.0,1,1,0,3
65,1,18,4.0,1,1,0,3
65,1,18,2.0,1,1,0,3
65,1,18,5.0,1,1,0,3
65,1,18,5.0,1,1,0,3
65,1,18,4.0,1,1,0,3
65,1,18,5.0,1,1,0,3
65,1,18,4.0,1,1,0,3
65,1,18,2.0,1,1,0,3
65,1,18,4.0,1,1,0,3
65,1,18,5.0,1,1,0,3
65,1,18,5.0,1,1,0,3
65,1,18,4.0,1,1,0,3
65,1,18,5.0,1,1,0,3
65,1,18,5.0,1,1,0,3
65,1,18,4.0,1,1,0,3
65,1,18,1.0,1,1,0,3
65,1,18,5.0,1,1,0,3
65,1,18,4.0,1,1,0,3
65,1,18,5.0,1,1,0,3
65,1,18,4.0,1,1,0,3
65,1,18,5.0,1,1,0,3
65,1,18,4.0,1,1,0,3
65,1,18,5.0,1,1,0,3
65,1,18,5.0,1,1,0,3
65,1,18,5.0,1,1,0,3
65,1,18,2.0,1,1,0,3
65,1,18,5.0,1,1,0,3
65,1,18,4.0,1,1,0,3
65,1,18,5.0,1,1,0,3
65,1,18,5.0,1,1,0,3
65,1,18,5.0,1,1,0,3
65,1,18,5.0,1,1,0,3
65,1,18,5.0,1,1,0,3
65,1,18,4.0,1,1,0,3
65,1,18,5.0,1,1,0,3
65,1,18,5.0,1,1,0,3
65,1,18,5.0,1,1,0,3
65,1,18,5.0,1,1,0,3
65,1,18,5.0,1,1,0,3
65,1,18,4.0,1,1,0,3
65,1,18,5.0,1,1,0,3
65,1,18,4.0,1,1,0,3
65,1,18,4.0,1,1,0,3
65,1,18,5.0,1,1,0,3
65,1,18,4.0,1,1,0,3
65,1,18,5.0,1,1,0,3
65,1,18,5.0,1,1,0,3
65,1,18,4.0,1,1,0,3
65,1,18,4.0,1,1,0,3
65,1,18,5.0,1,1,0,3
65,1,18,5.0,1,1,0,3
65,1,18,4.0,1,1,0,3
65,1,18,5.0,1,1,0,3
65,1,18,5.0,1,1,0,3
65,1,18,5.0,1,1,0,3
65,1,18,5.0,1,1,0,3
65,1,18,4.0,1,1,0,3
65,1,18,3.0,1,1,0,3
65,1,18,4.0,1,1,0,3
65,1,18,4.0,1,1,0,3
65,1,18,5.0,1,1,0,3
65,1,18,3.0,1,1,0,3
65,1,18,5.0,1,1,0,3
65,1,18,4.0,1,1,0,3
65,1,18,5.0,1,1,0,3
65,1,18,5.0,1,1,0,3
65,1,18,5.0,1,1,0,3
65,1,18,5.0,1,1,0,3
65,1,18,5.0,1,1,0,3
65,1,18,5.0,1,1,0,3
65,1,18,4.0,1,1,0,3
65,1,18,5.0,1,1,0,3
65,1,18,5.0,1,1,0,3
65,1,18,5.0,1,1,0,3
65,1,18,5.0,1,1,0,3
65,1,18,5.0,1,1,0,3
65,1,18,5.0,1,1,0,3
65,1,18,5.0,1,1,0,3
65,1,18,5.0,1,1,0,3
65,1,18,4.0,1,1,0,3
65,1,18,5.0,1,1,0,3
65,1,18,4.0,1,1,0,3
65,1,18,5.0,1,1,0,3
65,1,18,5.0,1,1,0,3
65,1,18,5.0,1,1,0,3
65,1,18,5.0,1,1,0,3
65,1,18,4.0,1,1,0,3
65,1,18,5.0,1,1,0,3
65,1,18,4.0,1,1,0,3
65,1,18,3.0,1,1,0,3
65,1,18,5.0,1,1,0,3
65,1,18,5.0,1,1,0,3
65,1,18,5.0,1,1,0,3
65,1,18,5.0,1,1,0,3
65,1,18,4.0,1,1,0,3
65,1,18,4.0,1,1,0,3
65,1,18,5.0,1,1,0,3
65,1,18,5.0,1,1,0,3
65,1,18,5.0,1,1,0,3
65,1,18,2.0,1,1,0,3
65,1,18,2.0,1,1,0,3
65,1,18,4.0,1,1,0,3
65,1,18,4.0,1,1,0,3
65,1,18,4.0,1,1,0,3
65,1,18,5.0,1,1,0,3
65,1,18,5.0,1,1,0,3
65,1,18,3.0,1,1,0,3
65,1,18,5.0,1,1,0,3
65,1,18,5.0,1,1,0,3
65,1,18,5.0,1,1,0,3
65,1,18,5.0,1,1,0,3
65,1,18,2.0,1,1,0,3
65,1,18,5.0,1,1,0,3
65,1,18,5.0,1,1,0,3
65,1,18,4.0,1,1,0,3
65,1,18,4.0,1,1,0,3
65,1,18,1.0,1,1,0,3
65,1,18,1.0,1,1,0,3
65,1,18,1.0,1,1,0,3
65,1,18,5.0,1,1,0,3
65,1,18,5.0,1,1,0,3
65,1,18,5.0,1,1,0,3
65,1,18,5.0,1,1,0,3
65,1,18,5.0,1,1,0,3
65,1,18,3.0,1,1,0,3
65,1,18,4.0,1,1,0,3
65,1,18,4.0,1,1,0,3
65,1,18,5.0,1,1,0,3
65,1,18,5.0,1,1,0,3
65,1,18,5.0,1,1,0,3
65,1,18,4.0,1,1,0,3
65,1,18,5.0,1,1,0,3
65,1,18,4.0,1,1,0,3
65,1,18,4.0,1,1,0,3
65,1,18,4.0,1,1,0,3
65,1,18,4.0,1,1,0,3
65,1,18,4.0,1,1,0,3
65,1,18,5.0,1,1,0,3
65,1,18,4.0,1,1,0,3
65,1,18,5.0,1,1,0,3
65,1,18,5.0,1,1,0,3
65,1,18,3.0,1,1,0,3
65,1,18,3.0,1,1,0,3
65,1,18,4.0,1,1,0,3
65,1,18,5.0,1,1,0,3
65,1,18,5.0,1,1,0,3
65,1,18,5.0,1,1,0,3
65,1,18,5.0,1,1,0,3
65,1,18,2.0,1,1,0,3
65,1,18,5.0,1,1,0,3
65,1,18,5.0,1,1,0,3
65,1,18,5.0,1,1,0,3
65,1,18,4.0,1,1,0,3
65,1,18,5.0,1,1,0,3
65,1,18,5.0,1,1,0,3
65,1,18,5.0,1,1,0,3
65,1,18,5.0,1,1,0,3
65,1,18,5.0,1,1,0,3
65,1,18,2.0,1,1,0,3
65,1,18,4.0,1,1,0,3
65,1,18,5.0,1,1,0,3
65,1,18,3.0,1,1,0,3
65,1,18,5.0,1,1,0,3
65,1,18,5.0,1,1,0,3
65,1,18,3.0,1,1,0,3
65,1,18,4.0,1,1,0,3
65,1,18,5.0,1,1,0,3
65,1,18,5.0,1,1,0,3
65,1,18,5.0,1,1,0,3
65,1,18,5.0,1,1,0,3
65,1,18,5.0,1,1,0,3
65,1,18,5.0,1,1,0,3
65,1,18,5.0,1,1,0,3
65,1,18,3.0,1,1,0,3
65,1,18,5.0,1,1,0,3
65,1,18,5.0,1,1,0,3
65,1,18,5.0,1,1,0,3
65,1,18,5.0,1,1,0,3
65,1,18,5.0,1,1,0,3
65,1,18,4.0,1,1,0,3
65,1,18,5.0,1,1,0,3
65,1,18,5.0,1,1,0,3
65,1,18,5.0,1,1,0,3
65,1,18,5.0,1,1,0,3
65,1,18,5.0,1,1,0,3
65,1,18,5.0,1,1,0,3
65,1,18,3.0,1,1,0,3
65,1,18,5.0,1,1,0,3
65,1,18,5.0,1,1,0,3
65,1,18,5.0,1,1,0,3
65,1,18,5.0,1,1,0,3
65,1,18,5.0,1,1,0,3
65,1,18,4.0,1,1,0,3
65,1,18,4.0,1,1,0,3
65,1,18,5.0,1,1,0,3
65,1,18,5.0,1,1,0,3
65,1,18,5.0,1,1,0,3
65,1,18,5.0,1,1,0,3
65,1,18,5.0,1,1,0,3
65,1,18,4.0,1,1,0,3
65,1,18,4.0,1,1,0,3
65,1,18,5.0,1,1,0,3
65,1,18,5.0,1,1,0,3
65,1,18,5.0,1,1,0,3
65,1,18,5.0,1,1,0,3
65,1,18,5.0,1,1,0,3
65,1,18,3.0,1,1,0,3
65,1,18,5.0,1,1,0,3
65,1,18,5.0,1,1,0,3
65,1,18,5.0,1,1,0,3
65,1,18,5.0,1,1,0,3
65,1,18,5.0,1,1,0,3
65,1,18,5.0,1,1,0,3
65,1,18,5.0,1,1,0,3
65,1,18,1.0,1,1,0,3
65,1,18,1.0,1,1,0,3
65,1,18,5.0,1,1,0,3
65,1,18,4.0,1,1,0,3
65,1,18,5.0,1,1,0,3
65,1,18,5.0,1,1,0,3
66,1,46,1.0,0,1,0,3
66,1,46,5.0,0,1,0,3
66,1,46,3.0,0,1,0,3
66,1,46,4.0,0,1,0,3
66,1,46,4.0,0,1,0,3
66,1,46,4.0,0,1,0,3
66,1,46,4.0,0,1,0,3
66,1,46,1.0,0,1,0,3
66,1,46,4.0,0,1,0,3
66,1,46,5.0,0,1,0,3
66,1,46,4.0,0,1,0,3
66,1,46,4.0,0,1,0,3
66,1,46,5.0,0,1,0,3
66,1,46,4.0,0,1,0,3
66,1,46,4.0,0,1,0,3
66,1,46,5.0,0,1,0,3
66,1,46,4.0,0,1,0,3
66,1,46,5.0,0,1,0,3
66,1,46,5.0,0,1,0,3
66,1,46,4.0,0,1,0,3
67,1,47,5.0,1,1,0,3
67,1,47,4.0,1,1,0,3
67,1,47,3.0,1,1,0,3
67,1,47,3.0,1,1,0,3
67,1,47,4.0,1,1,0,3
67,1,47,4.0,1,1,0,3
67,1,47,2.0,1,1,0,3
67,1,47,5.0,1,1,0,3
67,1,47,2.0,1,1,0,3
67,1,47,2.0,1,1,0,3
67,1,47,5.0,1,1,0,3
67,1,47,5.0,1,1,0,3
67,1,47,3.0,1,1,0,3
67,1,47,4.0,1,1,0,3
67,1,47,4.0,1,1,0,3
67,1,47,4.0,1,1,0,3
67,1,47,5.0,1,1,0,3
67,1,47,5.0,1,1,0,3
67,1,47,5.0,1,1,0,3
67,1,47,2.0,1,1,0,3
67,1,47,5.0,1,1,0,3
67,1,47,5.0,1,1,0,3
67,1,47,1.0,1,1,0,3
67,1,47,1.0,1,1,0,3
67,1,47,5.0,1,1,0,3
67,1,47,1.0,1,1,0,3
67,1,47,4.0,1,1,0,3
67,1,47,4.0,1,1,0,3
67,1,47,5.0,1,1,0,3
67,1,47,4.0,1,1,0,3
67,1,47,5.0,1,1,0,3
67,1,47,4.0,1,1,0,3
67,1,47,5.0,1,1,0,3
67,1,47,5.0,1,1,0,3
67,1,47,4.0,1,1,0,3
67,1,47,4.0,1,1,0,3
67,1,47,4.0,1,1,0,3
67,1,47,4.0,1,1,0,3
67,1,47,4.0,1,1,0,3
67,1,47,5.0,1,1,0,3
67,1,47,4.0,1,1,0,3
67,1,47,4.0,1,1,0,3
67,1,47,5.0,1,1,0,3
67,1,47,4.0,1,1,0,3
67,1,47,4.0,1,1,0,3
67,1,47,4.0,1,1,0,3
67,1,47,3.0,1,1,0,3
67,1,47,4.0,1,1,0,3
67,1,47,3.0,1,1,0,3
67,1,47,5.0,1,1,0,3
67,1,47,5.0,1,1,0,3
67,1,47,4.0,1,1,0,3
67,1,47,4.0,1,1,0,3
67,1,47,4.0,1,1,0,3
67,1,47,4.0,1,1,0,3
67,1,47,5.0,1,1,0,3
67,1,47,4.0,1,1,0,3
67,1,47,5.0,1,1,0,3
67,1,47,3.0,1,1,0,3
67,1,47,5.0,1,1,0,3
67,1,47,4.0,1,1,0,3
67,1,47,4.0,1,1,0,3
67,1,47,5.0,1,1,0,3
67,1,47,5.0,1,1,0,3
67,1,47,3.0,1,1,0,3
67,1,47,1.0,1,1,0,3
67,1,47,2.0,1,1,0,3
67,1,47,5.0,1,1,0,3
67,1,47,5.0,1,1,0,3
67,1,47,5.0,1,1,0,3
67,1,47,5.0,1,1,0,3
67,1,47,4.0,1,1,0,3
67,1,47,5.0,1,1,0,3
67,1,47,4.0,1,1,0,3
67,1,47,4.0,1,1,0,3
67,1,47,4.0,1,1,0,3
67,1,47,4.0,1,1,0,3
67,1,47,2.0,1,1,0,3
67,1,47,4.0,1,1,0,3
67,1,47,4.0,1,1,0,3
67,1,47,4.0,1,1,0,3
67,1,47,2.0,1,1,0,3
67,1,47,5.0,1,1,0,3
67,1,47,4.0,1,1,0,3
67,1,47,4.0,1,1,0,3
67,1,47,4.0,1,1,0,3
67,1,47,5.0,1,1,0,3
67,1,47,5.0,1,1,0,3
67,1,47,4.0,1,1,0,3
67,1,47,5.0,1,1,0,3
67,1,47,5.0,1,1,0,3
67,1,47,5.0,1,1,0,3
67,1,47,5.0,1,1,0,3
67,1,47,5.0,1,1,0,3
67,1,47,3.0,1,1,0,3
67,1,47,3.0,1,1,0,3
67,1,47,5.0,1,1,0,3
67,1,47,5.0,1,1,0,3
67,1,47,5.0,1,1,0,3
67,1,47,5.0,1,1,0,3
67,1,47,3.0,1,1,0,3
67,1,47,5.0,1,1,0,3
67,1,47,5.0,1,1,0,3
67,1,47,5.0,1,1,0,3
67,1,47,4.0,1,1,0,3
67,1,47,5.0,1,1,0,3
67,1,47,1.0,1,1,0,3
67,1,47,4.0,1,1,0,3
67,1,47,5.0,1,1,0,3
67,1,47,4.0,1,1,0,3
67,1,47,2.0,1,1,0,3
67,1,47,4.0,1,1,0,3
67,1,47,4.0,1,1,0,3
67,1,47,5.0,1,1,0,3
67,1,47,4.0,1,1,0,3
67,1,47,5.0,1,1,0,3
67,1,47,4.0,1,1,0,3
67,1,47,4.0,1,1,0,3
67,1,47,5.0,1,1,0,3
67,1,47,4.0,1,1,0,3
67,1,47,4.0,1,1,0,3
67,1,47,4.0,1,1,0,3
67,1,47,5.0,1,1,0,3
67,1,47,2.0,1,1,0,3
67,1,47,5.0,1,1,0,3
67,1,47,3.0,1,1,0,3
67,1,47,5.0,1,1,0,3
67,1,47,5.0,1,1,0,3
67,1,47,3.0,1,1,0,3
67,1,47,5.0,1,1,0,3
67,1,47,3.0,1,1,0,3
67,1,47,3.0,1,1,0,3
67,1,47,4.0,1,1,0,3
67,1,47,4.0,1,1,0,3
67,1,47,5.0,1,1,0,3
67,1,47,5.0,1,1,0,3
67,1,47,4.0,1,1,0,3
67,1,47,5.0,1,1,0,3
67,1,47,5.0,1,1,0,3
67,1,47,5.0,1,1,0,3
67,1,47,5.0,1,1,0,3
67,1,47,5.0,1,1,0,3
67,1,47,5.0,1,1,0,3
67,1,47,3.0,1,1,0,3
67,1,47,5.0,1,1,0,3
67,1,47,5.0,1,1,0,3
67,1,47,5.0,1,1,0,3
67,1,47,4.0,1,1,0,3
67,1,47,3.0,1,1,0,3
67,1,47,3.0,1,1,0,3
67,1,47,5.0,1,1,0,3
67,1,47,5.0,1,1,0,3
67,1,47,1.0,1,1,0,3
67,1,47,5.0,1,1,0,3
67,1,47,5.0,1,1,0,3
67,1,47,2.0,1,1,0,3
67,1,47,4.0,1,1,0,3
67,1,47,5.0,1,1,0,3
67,1,47,5.0,1,1,0,3
67,1,47,5.0,1,1,0,3
67,1,47,4.0,1,1,0,3
67,1,47,4.0,1,1,0,3
67,1,47,4.0,1,1,0,3
67,1,47,3.0,1,1,0,3
67,1,47,5.0,1,1,0,3
67,1,47,5.0,1,1,0,3
67,1,47,4.0,1,1,0,3
67,1,47,5.0,1,1,0,3
67,1,47,4.0,1,1,0,3
67,1,47,3.0,1,1,0,3
67,1,47,4.0,1,1,0,3
67,1,47,4.0,1,1,0,3
67,1,47,5.0,1,1,0,3
67,1,47,5.0,1,1,0,3
67,1,47,5.0,1,1,0,3
67,1,47,3.0,1,1,0,3
67,1,47,3.0,1,1,0,3
67,1,47,4.0,1,1,0,3
67,1,47,5.0,1,1,0,3
67,1,47,4.0,1,1,0,3
67,1,47,2.0,1,1,0,3
67,1,47,3.0,1,1,0,3
67,1,47,5.0,1,1,0,3
67,1,47,5.0,1,1,0,3
67,1,47,5.0,1,1,0,3
67,1,47,5.0,1,1,0,3
67,1,47,5.0,1,1,0,3
67,1,47,5.0,1,1,0,3
67,1,47,5.0,1,1,0,3
67,1,47,4.0,1,1,0,3
67,1,47,5.0,1,1,0,3
67,1,47,4.0,1,1,0,3
67,1,47,4.0,1,1,0,3
67,1,47,4.0,1,1,0,3
67,1,47,5.0,1,1,0,3
67,1,47,5.0,1,1,0,3
67,1,47,3.0,1,1,0,3
67,1,47,4.0,1,1,0,3
67,1,47,4.0,1,1,0,3
67,1,47,1.0,1,1,0,3
67,1,47,5.0,1,1,0,3
67,1,47,4.0,1,1,0,3
67,1,47,4.0,1,1,0,3
67,1,47,5.0,1,1,0,3
67,1,47,4.0,1,1,0,3
67,1,47,4.0,1,1,0,3
67,1,47,4.0,1,1,0,3
67,1,47,5.0,1,1,0,3
67,1,47,5.0,1,1,0,3
67,1,47,5.0,1,1,0,3
67,1,47,4.0,1,1,0,3
67,1,47,4.0,1,1,0,3
67,1,47,4.0,1,1,0,3
67,1,47,4.0,1,1,0,3
67,1,47,4.0,1,1,0,3
67,1,47,4.0,1,1,0,3
67,1,47,4.0,1,1,0,3
67,1,47,5.0,1,1,0,3
67,1,47,5.0,1,1,0,3
67,1,47,5.0,1,1,0,3
